,App ID,App Name,query,AllSuccessful,aLogSuccess,AppSuccessful,FailureCounts,RunType,aQueryTime,elapsedTime,AppDurationSecs,stageDuration,numStages,numTasks,executorRunTime,executorCpuTime,executorDeserializeTime,executorDeserializeCpuTime,resultSerializationTime,jvmGCTime,shuffleFetchWaitTime,shuffleWriteTime,resultSize,diskBytesSpilled,memoryBytesSpilled,peakExecutionMemory,recordsRead,bytesRead,recordsWritten,bytesWritten,shuffleRecordsRead,shuffleTotalBlocksFetched,shuffleLocalBlocksFetched,shuffleRemoteBlocksFetched,shuffleTotalBytesRead,shuffleLocalBytesRead,shuffleRemoteBytesRead,shuffleRemoteBytesReadToDisk,shuffleBytesWritten,shuffleRecordsWritten,submissionTime,cpuTimeRatio,ioTimeRatio,jvmGCRatio,shuffleFetchWaitTimeRatio,totalBytesRead,totalBytesWritten,diskBytesSpilledRatio,memoryBytesSpilledRatio,totalBytesIORatio,shuffleBytesIORatio,elapsedTime_minutes,peakExecutionMemory_GB,totalBytesRead_GB,totalBytesWritten_GB,shuffleTotalBytesRead_GB,shuffleBytesWritten_GB
0,app-20201104183112-0175,TPC-DS Like Bench,q1,True,True,True,0,cpu,19368.0,52416,56.783,58527,41,15284,15529533,2145422,2251374,550274,618,1535497,69408,107732,4571058,0,0,45596952384,365095075,3215937378,100,1054,518563165,230000,1808,228192,8554404574,67371847,8487032727,0,8554404574,518563165,1604514675204,0.138,0.862,0.099,0.004,11770341952,8554405628,0.0,0.0,1.376,1.0,0.874,42.465,10.962,7.967,7.967,7.967
1,app-20201104183211-0176,TPC-DS Like Bench,q2,False,False,True,0,cpu,,32414,36.701,20986,31,12063,8837134,553182,1703162,392847,640,541768,0,0,4571058,0,0,0,0,0,0,0,0,0,0,0,0,0,0,0,0,0,1604514733655,0.063,0.937,0.061,0.0,0,0,,,,,0.54,0.0,0.0,0.0,0.0,0.0
2,app-20201104183249-0177,TPC-DS Like Bench,q3,True,True,True,0,cpu,22734.0,53664,60.291,40468,36,13306,12690659,1114817,2180627,533213,861,853058,15,13854,5453359,0,0,13407092736,1323664431,10551634832,100,2944,120639,76085,574,75511,8997961,67318,8930643,0,8997961,120639,1604514772015,0.088,0.912,0.067,0.0,10560632793,9000905,0.0,0.0,1173.286,1.0,0.894,12.486,9.835,0.008,0.008,0.008
3,app-20201104183351-0178,TPC-DS Like Bench,q4,True,True,True,0,cpu,149280.0,240372,247.17,739202,54,21938,119974725,43292881,2161388,512913,500,22108736,2003701,1367337,6867479,0,0,191263182400,5892822403,94557412352,100,3330,6278841522,1209243,9672,1199571,155874364198,1235775345,154638588853,0,144558172958,6128841522,1604514835618,0.361,0.639,0.184,0.017,250431776550,144558176288,0.0,0.0,1.732,1.078,4.006,178.128,233.233,134.63,145.169,134.63
4,app-20201104183800-0179,TPC-DS Like Bench,q5,True,True,True,0,cpu,47229.0,80275,84.721,100066,43,16618,23298718,5693687,2268625,572627,1015,1154947,40689,162065,11175660,0,0,147850656320,2327157958,14410315944,100,3737,2161073281,260874,2032,258842,30124014823,234013965,29890000858,0,30124014823,2161073281,1604515082517,0.244,0.756,0.05,0.002,44534330767,30124018560,0.0,0.0,1.478,1.0,1.338,137.697,41.476,28.055,28.055,28.055
5,app-20201104183926-0180,TPC-DS Like Bench,q6,True,True,True,0,cpu,22676.0,55128,59.552,53953,45,14765,12304524,1197982,1867916,472366,626,987276,574,38039,4571058,0,0,43686297600,133193857,833434435,52,1134,245582077,101271,776,100495,2201092389,18937556,2182154833,0,2201092389,245582077,1604515168840,0.097,0.903,0.08,0.0,3034526824,2201093523,0.0,0.0,1.379,1.0,0.919,40.686,2.826,2.05,2.05,2.05
6,app-20201104184027-0181,TPC-DS Like Bench,q7,True,True,True,0,cpu,16806.0,49044,53.45,40274,38,13426,14418221,1499543,2281284,539606,1472,955316,35907,26261,8226307,0,0,73891452544,1661575505,21605125944,100,4472,20729733,147880,1158,146722,628347453,4925046,623422407,0,628347453,20729733,1604515229909,0.104,0.896,0.066,0.002,22233473397,628351925,0.0,0.0,35.384,1.0,0.817,68.817,20.707,0.585,0.585,0.585
7,app-20201104184122-0182,TPC-DS Like Bench,q8,False,False,True,0,cpu,,32204,36.644,20966,31,12063,8849050,552909,1699976,398553,929,532296,0,0,4571058,0,0,0,0,0,0,0,0,0,0,0,0,0,0,0,0,0,1604515284910,0.062,0.938,0.06,0.0,0,0,,,,,0.537,0.0,0.0,0.0,0.0,0.0
8,app-20201104184200-0183,TPC-DS Like Bench,q9,True,True,True,0,cpu,112990.0,145453,149.968,1519628,62,29734,107993833,7569657,1951057,499833,539,1405738,0,10423,4571058,0,0,0,129598666156,340144797691,1,1538,17655,17655,149,17506,1116918,9432,1107486,0,1116918,17655,1604515323213,0.07,0.93,0.013,0.0,340145914609,1118456,0.0,0.0,304120.962,1.0,2.424,0.0,316.786,0.001,0.001,0.001
9,app-20201104184432-0184,TPC-DS Like Bench,q10,True,True,True,0,cpu,27029.0,59994,64.305,68915,42,16179,15100371,1467135,1939124,501170,611,961316,13168,65691,29089409,0,0,79490449408,620583358,1350591759,100,4267,612949855,156320,1235,155085,1223864982,10238474,1213626508,0,1223864982,612949855,1604515474670,0.097,0.903,0.064,0.001,2574456741,1223869249,0.0,0.0,2.104,1.0,1.0,74.031,2.398,1.14,1.14,1.14
10,app-20201104184538-0185,TPC-DS Like Bench,q11,True,True,True,0,cpu,57788.0,89830,94.502,208400,48,18834,37119342,7589427,2091118,522003,618,6368251,702329,335517,4921532,0,0,164419636800,4182849091,31515619088,100,3348,4398222387,813643,6397,807246,65533355045,530326865,65003028180,0,58743640301,4308222387,1604515540741,0.204,0.796,0.172,0.019,97048974133,58743643649,0.0,0.0,1.652,1.116,1.497,153.128,90.384,54.709,61.033,54.709
11,app-20201104184714-0186,TPC-DS Like Bench,q12,True,True,True,0,cpu,14161.0,45892,50.206,35334,38,13033,9958993,899475,1838892,464279,1046,709336,689,18137,4571058,0,0,33787938560,20957605,192507387,100,12476,20744569,45068,365,44703,264137840,2290835,261847005,0,264137840,20744569,1604515636931,0.09,0.91,0.071,0.0,456645227,264150316,0.0,0.0,1.729,1.0,0.765,31.467,0.425,0.246,0.246,0.246
12,app-20201104184806-0187,TPC-DS Like Bench,q13,False,False,True,0,cpu,,32884,37.156,21440,31,12063,8804884,550880,1661662,397509,784,496568,0,0,4571058,0,0,0,0,0,0,0,0,0,0,0,0,0,0,0,0,0,1604515688617,0.063,0.937,0.056,0.0,0,0,,,,,0.548,0.0,0.0,0.0,0.0,0.0
13,app-20201104184844-0188,TPC-DS Like Bench,q14a,False,False,True,0,cpu,,33252,39.998,21867,31,12063,8886698,547804,1669320,389397,665,488800,0,0,4571058,0,0,0,0,0,0,0,0,0,0,0,0,0,0,0,0,0,1604515727459,0.062,0.938,0.055,0.0,0,0,,,,,0.554,0.0,0.0,0.0,0.0,0.0
14,app-20201104184926-0189,TPC-DS Like Bench,q14b,False,False,True,1,cpu,,365847,369.554,471497,50,20349,44491509,18766449,1973855,507229,955,3479031,346813,151405,12401115,4920412,1207959552,638961844224,17634024863,60438137521,0,0,8595330723,771466,6032,765434,26769966193,212154661,26557811532,0,27126124398,8795004910,1604515768940,0.422,0.578,0.078,0.008,87208103714,27126124398,0.0,0.014,3.215,0.987,6.097,595.08,81.219,25.263,24.931,25.263
15,app-20201104185537-0190,TPC-DS Like Bench,q15,False,False,True,0,cpu,,34140,38.154,22660,31,12063,9109554,528471,1741137,377268,1236,506736,0,0,4571058,0,0,0,0,0,0,0,0,0,0,0,0,0,0,0,0,0,1604516140191,0.058,0.942,0.056,0.0,0,0,,,,,0.569,0.0,0.0,0.0,0.0,0.0
16,app-20201104185617-0191,TPC-DS Like Bench,q16,False,False,True,0,cpu,,33624,37.827,22152,31,12063,9127901,549386,1687777,395756,679,503376,0,0,4571058,0,0,0,0,0,0,0,0,0,0,0,0,0,0,0,0,0,1604516179912,0.06,0.94,0.055,0.0,0,0,,,,,0.56,0.0,0.0,0.0,0.0,0.0
17,app-20201104185656-0192,TPC-DS Like Bench,q17,True,True,True,0,cpu,22224.0,53592,57.971,56638,42,15732,15220231,2233905,1968832,495839,769,668415,566,61180,24488036,0,0,66974107072,841070121,6886961515,100,14681,846062191,190309,1486,188823,16589023536,130868542,16458154994,0,16589023536,846062191,1604516219302,0.147,0.853,0.044,0.0,23475985051,16589038217,0.0,0.0,1.415,1.0,0.893,62.374,21.864,15.45,15.45,15.45
18,app-20201104185756-0193,TPC-DS Like Bench,q18,True,True,True,0,cpu,26233.0,58768,63.631,61122,42,14297,14888387,1860793,1874007,482535,869,1212203,748,41280,9703685,0,0,46921094400,904256785,15410805725,100,7320,122092207,198600,1583,197017,4150289319,34325078,4115964241,0,4150289319,122092207,1604516279423,0.125,0.875,0.081,0.0,19561095044,4150296639,0.0,0.0,4.713,1.0,0.979,43.699,18.218,3.865,3.865,3.865
19,app-20201104185901-0194,TPC-DS Like Bench,q19,True,True,True,0,cpu,16904.0,49094,53.518,48394,41,14166,12671368,1149058,1981565,495036,670,958928,976,36770,4571101,0,0,41379251200,309550776,3104459200,100,4162,54470274,107000,836,106164,966906145,10962745,955943400,0,966906145,54470274,1604516344367,0.091,0.909,0.076,0.0,4071365345,966910307,0.0,0.0,4.211,1.0,0.818,38.537,3.792,0.901,0.901,0.901
20,app-20201104185956-0195,TPC-DS Like Bench,q20,True,True,True,0,cpu,14756.0,47868,52.229,37119,38,13402,10711570,973408,1931968,488090,864,708589,267,20362,4571101,0,0,34626799360,41264652,359997176,100,12650,41051616,45068,350,44718,493636946,2803481,490833465,0,493636946,41051616,1604516399446,0.091,0.909,0.066,0.0,853634122,493649596,0.0,0.0,1.729,1.0,0.798,32.249,0.795,0.46,0.46,0.46
21,app-20201104190050-0196,TPC-DS Like Bench,q21,True,True,True,0,cpu,19707.0,106754,113.79,48209,37,12320,12842089,641823,1797730,470385,730,525262,0,2452,4571058,0,0,13474201600,36073071,192100734,100,2801,2278784,2000,15,1985,35490646,258865,35231781,0,35490646,2278784,1604516453192,0.05,0.95,0.041,0.0,227591380,35493447,0.0,0.0,6.412,1.0,1.779,12.549,0.212,0.033,0.033,0.033
22,app-20201104190246-0197,TPC-DS Like Bench,q22,True,True,True,0,cpu,27209.0,121016,127.012,61489,38,12735,13670982,1291620,1725776,433090,356,817023,8852,18256,4571058,0,0,48820266496,206353071,1092247521,100,2940,207019771,50800,419,50381,2582555802,24684591,2557871211,0,2582555802,207019771,1604516570310,0.094,0.906,0.06,0.001,3674803323,2582558742,0.0,0.0,1.423,1.0,2.017,45.467,3.422,2.405,2.405,2.405
23,app-20201104190454-0198,TPC-DS Like Bench,q23a,False,False,True,0,cpu,,33241,38.455,21860,31,12063,9152655,544242,1679029,392870,633,487592,0,0,4571058,0,0,0,0,0,0,0,0,0,0,0,0,0,0,0,0,0,1604516697303,0.059,0.941,0.053,0.0,0,0,,,,,0.554,0.0,0.0,0.0,0.0,0.0
24,app-20201104190534-0199,TPC-DS Like Bench,q23b,True,True,True,0,cpu,307378.0,339480,344.549,830704,57,21718,128030905,62594229,2135620,538703,1147,16422547,6187993,1122213,23195850,147143467137,552406614016,850448798976,23695607901,99829155686,100,2237,39137424169,1968689,15496,1953193,476617967742,3742840935,472875126807,0,180699300708,14264115130,1604516737444,0.489,0.511,0.128,0.048,576447123428,180699302945,0.255,0.958,3.19,2.638,5.658,792.042,536.858,168.289,443.885,168.289
25,app-20201104191120-0200,TPC-DS Like Bench,q24a,True,True,True,0,cpu,283322.0,316551,323.006,443703,48,16885,55491347,22625907,2045414,521200,879,3079438,549870,1298287,12558115,0,0,704907616000,9549638501,108100846171,8366,445653,18113255309,1227013,9539,1217474,482205891654,3761619415,478444272239,0,247304516370,9148998921,1604517083747,0.408,0.592,0.055,0.01,590306737825,247304962023,0.0,0.0,2.387,1.95,5.276,656.496,549.766,230.321,449.089,230.32
26,app-20201104191646-0201,TPC-DS Like Bench,q24b,True,True,True,0,cpu,271098.0,301950,307.974,426845,48,16885,54693913,22403868,2042243,521556,1021,3007619,958464,1330370,12558115,0,0,704907616000,9549638501,108100846171,933,249158,18109707493,1195816,9363,1186453,481957465913,3783179789,478174286124,0,247056090629,9145451105,1604517408665,0.41,0.59,0.055,0.018,590058312084,247056339787,0.0,0.0,2.388,1.951,5.032,656.496,549.535,230.089,448.858,230.089
27,app-20201104192155-0202,TPC-DS Like Bench,q25,True,True,True,0,cpu,20214.0,52316,56.686,54888,42,15579,14594301,1948761,2002963,507458,753,699758,287,43284,24488036,0,0,66065068800,605920698,6549610858,100,13364,605758111,151863,1187,150676,11868345976,91178734,11777167242,0,11868345976,605758111,1604517718260,0.134,0.866,0.048,0.0,18417956834,11868359340,0.0,0.0,1.552,1.0,0.872,61.528,17.153,11.053,11.053,11.053
28,app-20201104192254-0203,TPC-DS Like Bench,q26,True,True,True,0,cpu,14964.0,46769,51.093,38026,38,13437,13211385,1536009,2210439,538216,694,881444,788,27182,8270404,0,0,64673285120,862067712,11363723931,100,4465,11503861,116200,906,115294,364157467,2837307,361320160,0,364157467,11503861,1604517776640,0.116,0.884,0.067,0.0,11727881398,364161932,0.0,0.0,32.205,1.0,0.779,60.232,10.922,0.339,0.339,0.339
29,app-20201104192346-0204,TPC-DS Like Bench,q27,True,True,True,0,cpu,14808.0,47324,51.639,38092,38,13425,14088878,1367554,2238116,538750,1097,978551,69,19681,8288652,0,0,75485911328,1652596893,20335651082,100,3683,1686992,144391,1124,143267,72818437,569072,72249365,0,72818437,1686992,1604517829200,0.097,0.903,0.069,0.0,20408469519,72822120,0.0,0.0,280.251,1.0,0.789,70.302,19.007,0.068,0.068,0.068
30,app-20201104192439-0205,TPC-DS Like Bench,q28,True,True,True,0,cpu,77737.0,110172,114.306,435396,50,20332,77443817,7003180,2194353,542402,757,4604858,112191,131592,4571058,0,0,79027240960,51839466426,302385933186,1,4628,62584188,1408801,11228,1397573,1102568450,8827354,1093741096,0,1102568450,62584188,1604517882371,0.09,0.91,0.059,0.001,303488501636,1102573078,0.0,0.0,275.255,1.0,1.836,73.6,282.646,1.027,1.027,1.027
31,app-20201104192635-0206,TPC-DS Like Bench,q29,True,True,True,0,cpu,41188.0,73758,78.005,82056,43,15827,20055199,5265728,1975551,500958,863,1128208,36346,198619,24488079,0,0,254578923776,2803682452,18997334774,100,12447,2796879904,339838,2649,337189,45385550907,352791109,45032759798,0,45385550907,2796879904,1604517998264,0.263,0.737,0.056,0.002,64382885681,45385563354,0.0,0.0,1.419,1.0,1.229,237.095,59.961,42.269,42.269,42.269
32,app-20201104192755-0207,TPC-DS Like Bench,q30,True,True,True,0,cpu,26648.0,58593,63.09,87007,45,15767,15795885,1834033,2023108,512012,805,1419317,174170,95834,4571101,0,0,43620761600,142579421,2496611874,100,10430,272883732,297600,2328,295272,7946434459,109598170,7836836289,0,7818974288,258334778,1604518077980,0.116,0.884,0.09,0.011,10443046333,7818984718,0.0,0.0,1.336,1.016,0.977,40.625,9.726,7.282,7.401,7.282
33,app-20201104192900-0208,TPC-DS Like Bench,q31,True,True,True,0,cpu,32025.0,63111,69.033,141966,56,21189,23175852,2693370,2088735,540482,1362,1947282,975459,152878,7110422,0,0,80542105600,1188127306,6513410582,269,430483,1240514929,406364,3267,403097,11578344068,94130249,11484213819,0,10390127496,1167755146,1604518142574,0.116,0.884,0.084,0.042,18091754650,10390557979,0.0,0.0,1.741,1.114,1.052,75.011,16.849,9.677,10.783,9.677
34,app-20201104193010-0209,TPC-DS Like Bench,q32,False,False,True,0,cpu,,32533,36.871,21306,31,12063,8832581,547602,1662140,399494,699,490752,0,0,4571058,0,0,0,0,0,0,0,0,0,0,0,0,0,0,0,0,0,1604518213306,0.062,0.938,0.056,0.0,0,0,,,,,0.542,0.0,0.0,0.0,0.0,0.0
35,app-20201104193049-0210,TPC-DS Like Bench,q33,True,True,True,0,cpu,18722.0,54672,59.107,62998,44,15663,17607288,1358519,1963890,505691,789,1048828,1783,65217,10679711,0,0,80039903232,160118789,1459938561,100,1799,159335573,142465,1167,141298,2147699649,19609527,2128090122,0,2091991865,148386593,1604518251752,0.077,0.923,0.06,0.0,3607638210,2091993664,0.0,0.0,1.724,1.027,0.911,74.543,3.36,1.948,2.0,1.948
36,app-20201104193149-0211,TPC-DS Like Bench,q34,False,True,True,1,cpu,18615.0,49843,55.396,45045,40,14291,13472861,1347276,2013466,514747,1139,934559,638,23641,6388990,0,0,28534374400,1166431010,6080329263,12383,565560,60164008,105949,858,105091,1999246552,29901562,1969344990,0,1003513625,30151625,1604518312387,0.1,0.9,0.069,0.0,8079575815,1004079185,0.0,0.0,8.047,1.992,0.831,26.575,7.525,0.935,1.862,0.935
37,app-20201104193246-0212,TPC-DS Like Bench,q35,False,False,True,0,cpu,,33228,37.52,21874,31,12063,9023955,543671,1678664,397467,559,520584,0,0,4571101,0,0,0,0,0,0,0,0,0,0,0,0,0,0,0,0,0,1604518369421,0.06,0.94,0.058,0.0,0,0,,,,,0.554,0.0,0.0,0.0,0.0,0.0
38,app-20201104193326-0213,TPC-DS Like Bench,q36,True,True,True,0,cpu,16771.0,49159,53.364,38134,38,13623,14198751,1474898,2242547,553086,816,955009,13579,16778,7228551,0,0,82067824128,1641545164,20844565540,100,3847,129503,86180,662,85518,10252674,82050,10170624,0,10252674,129503,1604518408587,0.104,0.896,0.067,0.001,20854818214,10256521,0.0,0.0,2033.323,1.0,0.819,76.432,19.423,0.01,0.01,0.01
39,app-20201104193421-0214,TPC-DS Like Bench,q37,True,True,True,0,cpu,23090.0,54845,59.094,48615,38,13681,14496556,2294267,1925389,488566,867,703569,0,78974,4571058,0,0,20198195200,4356077468,17533502660,12,2970,261109823,15251,1750,13501,1375731087,157648171,1218082916,0,20295083394,4320005325,1604518463528,0.158,0.842,0.049,0.0,18909233747,20295086364,0.0,0.0,0.932,0.068,0.914,18.811,17.611,18.901,1.281,18.901
40,app-20201104193521-0215,TPC-DS Like Bench,q38,False,False,True,0,cpu,,32211,36.442,20815,31,12063,8813799,545777,1696253,393470,868,507832,0,0,4571101,0,0,0,0,0,0,0,0,0,0,0,0,0,0,0,0,0,1604518524214,0.062,0.938,0.058,0.0,0,0,,,,,0.537,0.0,0.0,0.0,0.0,0.0
41,app-20201104193559-0216,TPC-DS Like Bench,q39a,False,True,True,1,cpu,22433.0,54350,60.183,52307,42,13115,11366662,1005426,1869773,479042,1297,577394,4527,30461,4571058,0,0,26869760000,32186120,169330039,19645,1204065,32811215,177117,1384,175733,551745840,9589883,542155957,0,532782318,32255332,1604518562230,0.088,0.912,0.051,0.0,721075879,533986383,0.0,0.0,1.35,1.036,0.906,25.024,0.672,0.497,0.514,0.496
42,app-20201104193701-0217,TPC-DS Like Bench,q39b,True,True,True,0,cpu,20223.0,50871,56.524,48605,42,13115,10334918,973649,1838453,482124,1156,547614,1214,21517,4571058,0,0,26869760000,32186120,169330039,858,574613,32261318,104054,817,103237,532931871,8171691,524760180,0,522554089,31971088,1604518623945,0.094,0.906,0.053,0.0,702261910,523128702,0.0,0.0,1.342,1.02,0.848,25.024,0.654,0.487,0.496,0.487
43,app-20201104193759-0218,TPC-DS Like Bench,q40,True,True,True,0,cpu,37646.0,91682,100.595,64280,39,14838,17232168,1752200,1988503,502400,762,680943,3972,56975,4571058,0,0,71100120000,515332484,6065439745,100,2984,519402496,325791,2561,323230,9518752395,75085989,9443666406,0,9518752395,519402496,1604518682050,0.102,0.898,0.04,0.0,15584192140,9518755379,0.0,0.0,1.637,1.0,1.528,66.217,14.514,8.865,8.865,8.865
44,app-20201104193941-0219,TPC-DS Like Bench,q41,True,True,True,0,cpu,30620.0,120690,129.921,55600,36,12431,12109831,593530,1736177,426221,352,553543,11,2208,4571058,0,0,11795169280,720000,5065325,100,1583,964,452,15,437,51667,1651,50016,0,51667,964,1604518787323,0.049,0.951,0.046,0.0,5116992,53250,0.0,0.0,96.094,1.0,2.011,10.985,0.005,0.0,0.0,0.0
45,app-20201104194153-0220,TPC-DS Like Bench,q42,False,False,True,0,cpu,,33130,37.176,21775,31,12063,9143993,553099,1669990,395958,565,520136,0,0,4571058,0,0,0,0,0,0,0,0,0,0,0,0,0,0,0,0,0,1604518915742,0.06,0.94,0.057,0.0,0,0,,,,,0.552,0.0,0.0,0.0,0.0,0.0
46,app-20201104194231-0221,TPC-DS Like Bench,q43,True,True,True,0,cpu,12559.0,45268,49.61,34016,36,13415,12979845,1446857,2215556,538815,882,893178,41,24471,6090899,0,0,10320084992,1659294255,4481243642,100,7095,223885,115612,911,114701,14797454,116714,14680740,0,14797454,223885,1604518954433,0.111,0.889,0.069,0.0,4496041096,14804549,0.0,0.0,303.693,1.0,0.754,9.611,4.187,0.014,0.014,0.014
47,app-20201104194323-0222,TPC-DS Like Bench,q44,True,True,True,0,cpu,47817.0,79326,83.886,81736,40,14832,37472984,2858979,2169443,528693,1361,2720387,31364,42350,6115363,0,0,78020608000,17278509106,128532791263,10,1415,24080405,470774,3689,467085,329653687,2585558,327068129,0,166509174,12188068,1604519005663,0.076,0.924,0.073,0.001,128862444950,166510589,0.0,0.0,773.899,1.98,1.322,72.662,120.013,0.155,0.307,0.155
48,app-20201104194448-0223,TPC-DS Like Bench,q45,False,False,True,0,cpu,,32753,36.947,21249,31,12063,9053594,551808,1705289,396658,858,525816,0,0,4571058,0,0,0,0,0,0,0,0,0,0,0,0,0,0,0,0,0,1604519091087,0.061,0.939,0.058,0.0,0,0,,,,,0.546,0.0,0.0,0.0,0.0,0.0
49,app-20201104194527-0224,TPC-DS Like Bench,q46,True,True,True,0,cpu,21464.0,57277,61.699,61897,41,14187,15801485,1652889,1942426,490110,592,987911,8205,58181,4571058,0,0,49949966336,1481432959,17619733520,100,4396,67498971,206686,1719,204967,1537617877,20539101,1517078776,0,1327491062,52950010,1604519129625,0.105,0.895,0.063,0.001,19157351397,1327495458,0.0,0.0,14.431,1.158,0.955,46.52,17.842,1.236,1.432,1.236
50,app-20201104194630-0225,TPC-DS Like Bench,q47,True,True,True,0,cpu,28304.0,60645,65.304,68213,44,15406,24345471,5704855,2276860,553957,924,3180081,73086,174827,8143555,0,0,90638942432,4052181092,27134716520,100,5621,16433350,592511,4639,587872,706411064,5504213,700906851,0,695612441,16313190,1604519192943,0.234,0.766,0.131,0.003,27841127584,695618062,0.0,0.0,40.024,1.016,1.011,84.414,25.929,0.648,0.658,0.648
51,app-20201104194737-0226,TPC-DS Like Bench,q48,False,False,True,0,cpu,,32976,37.609,21422,31,12063,8880760,554060,1695142,392282,633,526832,0,0,4571058,0,0,0,0,0,0,0,0,0,0,0,0,0,0,0,0,0,1604519260079,0.062,0.938,0.059,0.0,0,0,,,,,0.55,0.0,0.0,0.0,0.0,0.0
52,app-20201104194816-0227,TPC-DS Like Bench,q49,True,True,True,0,cpu,32914.0,64980,69.517,152388,47,20317,27963438,2238930,2089840,519702,849,1160995,76289,98031,4747055,0,0,42100524800,2009751933,28399978089,100,2384,161330499,896051,7038,889013,3562338259,27950596,3534387663,0,3562338259,161330499,1604519299139,0.08,0.92,0.042,0.003,31962316348,3562340643,0.0,0.0,8.972,1.0,1.083,39.209,29.767,3.318,3.318,3.318
53,app-20201104194927-0228,TPC-DS Like Bench,q50,False,False,True,0,cpu,,33060,37.382,21582,31,12063,8939336,555527,1693849,390123,777,541816,0,0,4571058,0,0,0,0,0,0,0,0,0,0,0,0,0,0,0,0,0,1604519370327,0.062,0.938,0.061,0.0,0,0,,,,,0.551,0.0,0.0,0.0,0.0,0.0
54,app-20201104195006-0229,TPC-DS Like Bench,q51,True,True,True,0,cpu,27746.0,60307,64.698,62283,41,15543,18104918,3294194,2263425,556965,816,2004039,298849,139787,5020471,0,0,54088739952,2093474209,12423564922,100,4724,535923067,440202,3426,436776,8780779662,68323758,8712455904,0,8780779662,535923067,1604519409226,0.182,0.818,0.111,0.017,21204344584,8780784386,0.0,0.0,2.415,1.0,1.005,50.374,19.748,8.178,8.178,8.178
55,app-20201104195113-0230,TPC-DS Like Bench,q52,True,True,True,0,cpu,10466.0,42026,46.407,30604,36,13297,12092010,965260,2165310,535771,993,764516,5,5053,5327284,0,0,13474201600,267222581,2147450100,100,2927,146669,24000,188,23812,6518977,51771,6467206,0,6518977,146669,1604519475426,0.08,0.92,0.063,0.0,2153969077,6521904,0.0,0.0,330.267,1.0,0.7,12.549,2.006,0.006,0.006,0.006
56,app-20201104195200-0231,TPC-DS Like Bench,q53,True,True,True,0,cpu,12869.0,45357,49.532,34714,38,13624,12791587,1240527,2237432,547535,1053,862581,34,21905,7157780,0,0,13474201600,1659654255,11122869481,100,2072,696368,152334,1205,151129,18568689,146027,18422662,0,18568689,696368,1604519523338,0.097,0.903,0.067,0.0,11141438170,18570761,0.0,0.0,599.945,1.0,0.756,12.549,10.376,0.017,0.017,0.017
57,app-20201104195252-0232,TPC-DS Like Bench,q54,True,True,True,0,cpu,22325.0,54163,58.738,66073,48,16804,15135261,1473365,1895774,490626,659,914693,64349,33553,5526485,0,0,96468992000,512112598,2986391925,100,1782,327828761,142916,804,142112,3101166304,28650522,3072515782,0,3101166304,327828761,1604519574555,0.097,0.903,0.06,0.004,6087558229,3101168086,0.0,0.0,1.963,1.0,0.903,89.844,5.669,2.888,2.888,2.888
58,app-20201104195352-0233,TPC-DS Like Bench,q55,True,True,True,0,cpu,10254.0,42365,46.547,30597,36,13297,11240718,975397,2169296,538030,895,745512,5,4909,5327413,0,0,13004439552,264472644,2125370401,100,2713,88251,22966,180,22786,4375294,35565,4339729,0,4375294,88251,1604519634856,0.087,0.913,0.066,0.0,2129745695,4378007,0.0,0.0,486.465,1.0,0.706,12.111,1.983,0.004,0.004,0.004
59,app-20201104195440-0234,TPC-DS Like Bench,q56,True,True,True,0,cpu,18905.0,51353,55.798,59356,44,15464,14016668,1373120,1985863,508577,1126,1133637,66501,82160,10680144,0,0,80845209600,146232849,1328162423,100,2073,146981084,141607,1159,140448,1973819781,17143986,1956675795,0,1918111997,136032104,1604519682957,0.098,0.902,0.081,0.005,3301982204,1918114070,0.0,0.0,1.721,1.029,0.856,75.293,3.075,1.786,1.838,1.786
60,app-20201104195537-0235,TPC-DS Like Bench,q57,True,True,True,0,cpu,26034.0,58156,62.648,65419,45,15608,20223431,3788338,2278546,562160,1059,2497307,273375,202075,8143641,0,0,76619456048,2085640286,13221527362,100,5354,30758432,551417,4310,547107,1263948072,9857070,1254091002,0,1243894366,30470048,1604519740424,0.187,0.813,0.123,0.014,14485475434,1243899720,0.0,0.0,11.645,1.016,0.969,71.357,13.491,1.158,1.177,1.158
61,app-20201104195642-0236,TPC-DS Like Bench,q58,True,True,True,0,cpu,39522.0,71842,76.737,106821,44,15761,34369511,2583029,2244367,538847,997,1233673,0,912,7644886,0,0,60679979008,14709783488,117411822622,0,1005,3785265,4217,35,4182,48410923,401399,48009524,0,62024810,4854119,1604519804628,0.075,0.925,0.036,0.0,117460233545,62025815,0.0,0.0,1893.731,0.781,1.197,56.513,109.393,0.058,0.045,0.058
62,app-20201104195800-0237,TPC-DS Like Bench,q59,False,False,True,0,cpu,,33250,37.637,21670,31,12063,9134766,544846,1653127,385960,700,503288,0,0,4571058,0,0,0,0,0,0,0,0,0,0,0,0,0,0,0,0,0,1604519882943,0.06,0.94,0.055,0.0,0,0,,,,,0.554,0.0,0.0,0.0,0.0,0.0
63,app-20201104195839-0238,TPC-DS Like Bench,q60,True,True,True,0,cpu,21468.0,57950,63.041,66922,44,16395,15519704,1539902,1994359,495848,887,1356230,49585,70792,10683624,0,0,80845209600,333740321,3131242529,100,1961,342343310,158600,1292,157308,4779732901,42159233,4737573668,0,4724025117,331394330,1604519922334,0.099,0.901,0.087,0.003,7910975430,4724027078,0.0,0.0,1.675,1.012,0.966,75.293,7.368,4.4,4.451,4.4
64,app-20201104195944-0239,TPC-DS Like Bench,q61,False,False,False,4,cpu,,48077,,22674,31,12063,8891481,549413,1680151,384694,683,507048,0,0,4571058,0,0,0,0,0,0,0,0,0,0,0,0,0,0,0,0,0,1604519987466,0.062,0.938,0.057,0.0,0,0,,,,,0.801,0.0,0.0,0.0,0.0,0.0
65,app-20201104200039-0240,TPC-DS Like Bench,q62,False,False,True,0,cpu,,68752,74.372,32826,31,12063,12025075,526739,1651399,373776,413,512408,0,0,4571058,0,0,0,0,0,0,0,0,0,0,0,0,0,0,0,0,0,1604520043092,0.044,0.956,0.043,0.0,0,0,,,,,1.146,0.0,0.0,0.0,0.0,0.0
66,app-20201104200155-0241,TPC-DS Like Bench,q63,True,True,True,0,cpu,19845.0,89141,95.445,56380,38,13624,16168297,1163990,2158277,528433,419,806582,36,12356,7157408,0,0,13407092736,1659654255,11122731327,100,1784,78728,61161,492,60669,4370476,35242,4335234,0,4370476,78728,1604520118632,0.072,0.928,0.05,0.0,11127101803,4372260,0.0,0.0,2544.931,1.0,1.486,12.486,10.363,0.004,0.004,0.004
67,app-20201104200332-0242,TPC-DS Like Bench,q64,True,True,True,0,cpu,150381.0,186192,193.47,453106,63,21935,75368457,30612310,2118839,522312,1024,5626482,1134370,1555725,12949142,0,0,325477990400,8973109521,118909351856,63490,4445818,10993651672,1993634,15777,1977857,332346489177,2659490450,329686998727,0,318522671539,9985778920,1604520215425,0.406,0.594,0.075,0.015,451255841033,318527117357,0.0,0.0,1.417,1.043,3.103,303.125,420.265,296.651,309.522,296.647
68,app-20201104200647-0243,TPC-DS Like Bench,q65,True,True,True,0,cpu,36996.0,73182,78.047,85628,40,14965,29060297,7156846,2258495,542263,879,5095491,630,564162,32332386,0,0,213563740320,3264720721,21929263502,100,11719,3277470334,404622,3193,401429,61850513462,484375012,61366138450,0,61850513462,3277470334,1604520410363,0.246,0.754,0.175,0.0,83779776964,61850525181,0.0,0.0,1.355,1.0,1.22,198.897,78.026,57.603,57.603,57.603
69,app-20201104200807-0244,TPC-DS Like Bench,q66,True,True,True,0,cpu,18795.0,55143,60.197,49601,40,14959,16862787,1906896,2290384,564483,973,1587883,13391,32130,8205936,0,0,40042533888,1284668992,12600608434,22,19904,22066,21065,147,20918,6692175,45947,6646228,0,6692175,22066,1604520490638,0.113,0.887,0.094,0.001,12607300609,6712079,0.0,0.0,1878.3,1.0,0.919,37.293,11.741,0.006,0.006,0.006
70,app-20201104200909-0245,TPC-DS Like Bench,q67,True,True,True,0,cpu,1024259.0,1061285,1066.025,1049340,39,13824,45894371,22267662,2083550,508786,693,5957189,26140,301172,4571101,89210717932,434535333888,468030324736,1659654255,12628102754,100,4013,3438611232,196813,1556,195257,85533271489,621716856,84911554633,0,85533271489,3438611232,1604520552320,0.485,0.515,0.13,0.001,98161374243,85533275502,0.909,4.427,1.148,1.0,17.688,435.887,91.42,79.659,79.659,79.659
71,app-20201104202657-0246,TPC-DS Like Bench,q68,True,True,True,0,cpu,19316.0,55484,60.356,51680,41,14155,12833789,1275153,2050817,492231,667,871816,10576,40214,4571058,0,0,41411149824,369683835,5904205752,100,6388,61006455,109381,1062,108319,1431856708,30600048,1401256660,0,1221729893,46457494,1604521619944,0.099,0.901,0.068,0.001,7336062460,1221736281,0.0,0.0,6.005,1.172,0.925,38.567,6.832,1.138,1.334,1.138
72,app-20201104202759-0247,TPC-DS Like Bench,q69,True,True,True,0,cpu,34467.0,80855,86.055,84689,42,16161,18689524,1458313,1980192,498224,673,1066515,118829,37820,28665518,0,0,79188459520,470762191,1116953700,100,3235,462411578,140869,1241,139628,1056225158,15224181,1041000977,0,1056225158,462411578,1604521682433,0.078,0.922,0.057,0.006,2173178858,1056228393,0.0,0.0,2.057,1.0,1.348,73.75,2.024,0.984,0.984,0.984
73,app-20201104202927-0248,TPC-DS Like Bench,q70,True,True,True,0,cpu,30424.0,104552,110.888,71277,42,15365,21389436,2146512,2204539,547538,444,1675163,6,38631,13332153,0,0,52302699368,3318515461,15778234227,76,2868,83222,71076,568,70508,6719804,53843,6665961,0,6719804,83222,1604521770801,0.1,0.9,0.078,0.0,15784954031,6722672,0.0,0.0,2348.018,1.0,1.743,48.711,14.701,0.006,0.006,0.006
74,app-20201104203119-0249,TPC-DS Like Bench,q71,True,True,True,0,cpu,25504.0,89310,96.517,58750,38,15732,20107303,1213436,2198670,548609,1183,938227,1967,12002,24201674,0,0,24904976864,472892034,4303845119,272179,3382637,5892691,145950,1139,144811,213443517,1683839,211759678,0,113626070,3082435,1604521883216,0.06,0.94,0.047,0.0,4517288636,117008707,0.0,0.0,38.606,1.878,1.488,23.195,4.207,0.109,0.199,0.106
75,app-20201104203258-0250,TPC-DS Like Bench,q72,True,True,True,0,cpu,360612.0,401051,405.947,413381,46,16244,50974836,32436329,2013119,495694,623,1284881,99732,211336,23195979,0,0,237792706368,2323057153,18912980760,100,2803,2321855870,520990,4017,516973,46568674778,361349164,46207325614,0,46568674778,2321855870,1604521980838,0.636,0.364,0.025,0.002,65481655538,46568677581,0.0,0.0,1.406,1.0,6.684,221.462,60.985,43.37,43.37,43.37
76,app-20201104203945-0251,TPC-DS Like Bench,q73,True,True,True,0,cpu,24713.0,62486,68.857,54140,40,14281,15956754,1132019,2272896,549669,884,778083,6,9845,6270444,0,0,27250917376,354683835,1938557432,602,346364,57486661,34933,315,34618,1908342633,18566369,1889776264,0,1000398910,30183313,1604522388242,0.071,0.929,0.049,0.0,3846900065,1000745274,0.0,0.0,3.844,1.908,1.041,25.379,3.583,0.932,1.777,0.932
77,app-20201104204056-0252,TPC-DS Like Bench,q74,True,True,True,0,cpu,57656.0,97546,103.77,200641,48,18834,35226175,6497856,2061615,510395,852,4323657,1101835,272288,4922132,0,0,150159003200,4182849091,22926880816,100,3072,4398222387,813643,6837,806806,45599990048,409006875,45190983173,0,42649310711,4308222387,1604522458632,0.184,0.816,0.123,0.031,68526870864,42649313783,0.0,0.0,1.607,1.069,1.626,139.846,63.821,39.72,42.468,39.72
78,app-20201104204241-0253,TPC-DS Like Bench,q75,True,True,True,0,cpu,82152.0,141820,149.656,426703,51,24939,68820285,8278276,2157261,537610,332,4051289,130720,283134,9362546,0,0,244947353600,7375194761,79862464700,41,3937,4192235620,2566226,20118,2546108,99724873661,779643737,98945229924,0,66214058527,2680223262,1604522565196,0.12,0.88,0.059,0.002,179587338361,66214062464,0.0,0.0,2.712,1.506,2.364,228.125,167.254,61.667,92.876,61.667
79,app-20201104204512-0254,TPC-DS Like Bench,q76,True,True,True,0,cpu,45613.0,94194,99.88,73842,36,15755,43634293,3190800,2168510,535306,457,2524921,2172,21969,23303309,0,0,302621333432,14709345129,133103854408,100,3099,58589,55539,466,55073,6143287,51548,6091739,0,6143287,58589,1604522716131,0.073,0.927,0.058,0.0,133109997695,6146386,0.0,0.0,21656.628,1.0,1.57,281.838,123.968,0.006,0.006,0.006
80,app-20201104204654-0255,TPC-DS Like Bench,q77,True,True,True,0,cpu,22814.0,62790,67.737,83192,43,55825,19312944,1701113,2835885,872777,1950,982036,849867,30818,816546314,0,0,981414707200,345832600,3062032719,100,3787,736659,550158,5496,544662,43208300,422194,42786106,0,7155271,224632,1604522816819,0.088,0.912,0.051,0.044,3105241019,7159058,0.0,0.0,433.75,6.039,1.046,914.014,2.892,0.007,0.04,0.007
81,app-20201104204803-0256,TPC-DS Like Bench,q78,True,True,True,0,cpu,130403.0,169399,174.266,325888,43,20089,58073533,19651644,2055155,519672,525,4965384,437759,655339,4571058,0,0,590558003200,4465198630,47109413005,100,6489,7106013189,1228442,9619,1218823,177856880630,1392739553,176464141077,0,177856880630,7106013189,1604522886381,0.338,0.662,0.086,0.008,224966293635,177856887119,0.0,0.0,1.265,1.0,2.823,550.0,209.516,165.642,165.642,165.642
82,app-20201104205059-0257,TPC-DS Like Bench,q79,False,False,True,0,cpu,,43400,48.056,28118,31,12063,13164579,550368,1693337,392496,679,529232,0,0,4571058,0,0,0,0,0,0,0,0,0,0,0,0,0,0,0,0,0,1604523062255,0.042,0.958,0.04,0.0,0,0,,,,,0.723,0.0,0.0,0.0,0.0,0.0
83,app-20201104205149-0258,TPC-DS Like Bench,q80,True,True,True,0,cpu,48658.0,88607,93.596,201277,49,20112,36758703,5780962,2035783,517630,687,1400070,80875,189517,14115446,0,0,101047774400,1840460347,29587968769,100,4154,1833528334,878090,6862,871228,44160631724,345129799,43815501925,0,44160631724,1833528334,1604523111758,0.157,0.843,0.038,0.002,73748600493,44160635878,0.0,0.0,1.67,1.0,1.477,94.108,68.684,41.128,41.128,41.128
84,app-20201104205324-0259,TPC-DS Like Bench,q81,True,True,True,0,cpu,30986.0,71325,76.216,95081,45,15927,18359650,2128634,2024304,498383,696,1427095,16403,78111,4571058,0,0,47815065600,232577449,2885160035,100,10027,506565026,298000,2006,295994,9516976970,85792109,9431184861,0,9389516799,492016072,1604523207286,0.116,0.884,0.078,0.001,12402137005,9389526826,0.0,0.0,1.321,1.014,1.189,44.531,11.55,8.745,8.863,8.745
85,app-20201104205442-0260,TPC-DS Like Bench,q82,True,True,True,0,cpu,39166.0,78418,83.114,73687,38,13696,20494697,3675145,1937351,481836,628,837034,2,136120,4571101,0,0,86099099648,8675984124,34822418344,27,4245,1170418574,33563,1837,31726,5775449979,316882336,5458567643,0,40551755488,8639913154,1604523285113,0.179,0.821,0.041,0.0,40597868323,40551759733,0.0,0.0,1.001,0.142,1.307,80.186,37.81,37.767,5.379,37.767
86,app-20201104205607-0261,TPC-DS Like Bench,q83,True,True,True,0,cpu,27588.0,67001,71.891,83787,40,16142,24012574,1427928,2236603,535605,1166,902742,11,3108,9270022,0,0,80727244800,1472622757,7285456815,100,6971,7129375,12400,103,12297,83538403,703200,82835203,0,83538403,7129375,1604523369779,0.059,0.941,0.038,0.0,7368995218,83545374,0.0,0.0,88.204,1.0,1.117,75.183,6.863,0.078,0.078,0.078
87,app-20201104205720-0262,TPC-DS Like Bench,q84,True,True,True,0,cpu,13498.0,52914,57.634,56066,42,16185,15727140,1560779,2098061,521080,606,662320,5600,43594,14580455,0,0,28882712144,910934096,3932272334,100,779,862500421,2796,74,2722,5038407842,198586081,4839821761,0,5038407842,862500421,1604523443206,0.099,0.901,0.042,0.0,8970680176,5038408621,0.0,0.0,1.78,1.0,0.882,26.899,8.355,4.692,4.692,4.692
88,app-20201104205819-0263,TPC-DS Like Bench,q85,False,False,True,0,cpu,,39686,44.371,23587,31,12063,10362449,553033,1683372,392471,678,490200,0,0,4571101,0,0,0,0,0,0,0,0,0,0,0,0,0,0,0,0,0,1604523502375,0.053,0.947,0.047,0.0,0,0,,,,,0.661,0.0,0.0,0.0,0.0,0.0
89,app-20201104205905-0264,TPC-DS Like Bench,q86,True,True,True,0,cpu,14739.0,55212,59.963,38988,37,13603,15298864,1369890,2210232,541137,730,815238,9,12199,6564315,0,0,56365851704,434614353,3494305210,100,3394,86615,52781,416,52365,5830177,45648,5784529,0,5830177,86615,1604523548428,0.09,0.91,0.053,0.0,3500135387,5833571,0.0,0.0,599.999,1.0,0.92,52.495,3.26,0.005,0.005,0.005
90,app-20201104210007-0265,TPC-DS Like Bench,q87,False,False,False,0,cpu,,67951,,35189,31,12063,13684189,546917,1683842,387530,560,508176,0,0,4571058,0,0,0,0,0,0,0,0,0,0,0,0,0,0,0,0,0,1604523609963,0.04,0.96,0.037,0.0,0,0,,,,,1.133,0.0,0.0,0.0,0.0,0.0
91,app-20201104210121-0266,TPC-DS Like Bench,q88,True,True,True,0,cpu,102429.0,169614,175.069,745530,57,21497,94664152,6219038,1950340,467639,328,1293618,0,6140,4571058,0,0,204270704,69119988350,220126580343,1,2258,9416,9416,70,9346,555395,4130,551265,0,555395,9416,1604523684414,0.066,0.934,0.014,0.0,220127135738,557653,0.0,0.0,394738.548,1.0,2.827,0.19,205.009,0.001,0.001,0.001
92,app-20201104210418-0267,TPC-DS Like Bench,q89,True,True,True,0,cpu,15705.0,54298,58.98,39495,38,13626,15326305,1344879,2296069,544710,766,985270,3637,32474,7175268,0,0,57129379984,1650796412,11059023588,100,3491,454162,153611,1204,152407,42102256,332694,41769562,0,42102256,454162,1604523860758,0.088,0.912,0.064,0.0,11101125844,42105747,0.0,0.0,263.649,1.0,0.905,53.206,10.339,0.039,0.039,0.039
93,app-20201104210518-0268,TPC-DS Like Bench,q90,True,True,True,0,cpu,22934.0,62922,67.889,62753,40,14388,20259868,1280423,1922196,459892,677,659513,0,3219,4571058,0,0,332568096,4320045122,14008262292,1,571,2319,2319,13,2306,136600,766,135834,0,136600,2319,1604523921613,0.063,0.937,0.033,0.0,14008398892,137171,0.0,0.0,102123.619,1.0,1.049,0.31,13.046,0.0,0.0,0.0
94,app-20201104210628-0269,TPC-DS Like Bench,q91,True,True,True,0,cpu,18651.0,59193,64.308,54026,43,13503,12780907,1022319,1917092,481849,822,688244,947,23279,4571058,0,0,29351404288,52797529,553314458,48,71088,41019756,57260,503,56757,988045120,13173455,974871665,0,987405168,41015585,1604523990943,0.08,0.92,0.054,0.0,1541359578,987476256,0.0,0.0,1.561,1.001,0.987,27.336,1.436,0.92,0.92,0.92
95,app-20201104210734-0270,TPC-DS Like Bench,q92,False,False,True,0,cpu,,40336,44.91,25023,31,12063,10734682,537419,1696907,389387,546,509400,0,0,4571058,0,0,0,0,0,0,0,0,0,0,0,0,0,0,0,0,0,1604524056770,0.05,0.95,0.047,0.0,0,0,,,,,0.672,0.0,0.0,0.0,0.0,0.0
96,app-20201104210820-0271,TPC-DS Like Bench,q93,True,True,True,0,cpu,166514.0,205111,209.738,237934,37,15000,56206374,27770268,2034253,500141,889,2510741,327525,1442727,4571101,0,0,752038713600,9503917218,92951291183,100,1054,9485557568,544400,4236,540164,247489323749,1933802884,245555520865,0,247489323749,9485557568,1604524103285,0.494,0.506,0.045,0.006,340440614932,247489324803,0.0,0.0,1.376,1.0,3.419,700.391,317.06,230.492,230.492,230.492
97,app-20201104211151-0272,TPC-DS Like Bench,q94,False,False,True,0,cpu,,39082,43.758,23551,31,12063,10485816,548874,1689906,394076,485,515096,0,0,4571058,0,0,0,0,0,0,0,0,0,0,0,0,0,0,0,0,0,1604524314621,0.052,0.948,0.049,0.0,0,0,,,,,0.651,0.0,0.0,0.0,0.0,0.0
98,app-20201104211237-0273,TPC-DS Like Bench,q95,False,False,True,0,cpu,,40219,44.738,24426,31,12063,10604573,545732,1674566,390567,640,498024,0,0,4571402,0,0,0,0,0,0,0,0,0,0,0,0,0,0,0,0,0,1604524359996,0.051,0.949,0.047,0.0,0,0,,,,,0.67,0.0,0.0,0.0,0.0,0.0
99,app-20201104211323-0274,TPC-DS Like Bench,q96,False,False,True,0,cpu,,40779,44.972,25406,31,12063,10460130,553887,1694699,393757,652,534376,0,0,4571058,0,0,0,0,0,0,0,0,0,0,0,0,0,0,0,0,0,1604524406312,0.053,0.947,0.051,0.0,0,0,,,,,0.68,0.0,0.0,0.0,0.0,0.0
100,app-20201104211410-0275,TPC-DS Like Bench,q97,True,True,True,0,cpu,78156.0,197414,207.242,124585,36,14574,29871288,6991288,2109722,514335,524,2604884,489,211873,4959438,0,0,375809638400,2519004968,14060365990,1,1025,2513145212,270603,2114,268489,30242163813,235675970,30006487843,0,30242163813,2513145212,1604524452878,0.234,0.766,0.087,0.0,44302529803,30242164838,0.0,0.0,1.465,1.0,3.29,350.0,41.26,28.165,28.165,28.165
101,app-20201104211738-0276,TPC-DS Like Bench,q98,True,True,True,0,cpu,57965.0,209672,228.417,107108,40,14079,26612597,1060732,1924996,496569,599,766055,8384,17036,4865173,0,0,36304520960,78781110,657360201,53802,5271035,78724758,66289,556,65733,950771102,8446616,942324486,0,933535343,78617215,1604524667780,0.04,0.96,0.029,0.0,1608131303,938806378,0.0,0.0,1.713,1.018,3.495,33.811,1.498,0.874,0.885,0.869
102,app-20201104212128-0277,TPC-DS Like Bench,q99,False,False,True,0,cpu,,62987,69.635,43899,31,12063,18834913,515047,1633368,373529,282,504808,0,0,4571058,0,0,0,0,0,0,0,0,0,0,0,0,0,0,0,0,0,1604524893889,0.027,0.973,0.027,0.0,0,0,,,,,1.05,0.0,0.0,0.0,0.0,0.0
