query,numtasks,elapsedTime,duration,schedulerDelayTime,executorRunTime,executorCpuTime,executorDeserializeTime,executorDeserializeCpuTime,resultSerializationTime,jvmGCTime,shuffleFetchWaitTime,shuffleWriteTime,gettingResultTime,resultSize,diskBytesSpilled,memoryBytesSpilled,peakExecutionMemory,recordsRead,bytesRead,recordsWritten,bytesWritten,shuffleRecordsRead,shuffleTotalBlocksFetched,shuffleLocalBlocksFetched,shuffleRemoteBlocksFetched,shuffleTotalBytesRead,shuffleLocalBytesRead,shuffleRemoteBytesRead,shuffleRemoteBytesReadToDisk,shuffleBytesWritten,shuffleRecordsWritten,executorTimeRatio,cpuTimeRatio,ioTimeRatio,jvmGCRatio,shuffleFetchWaitTimeRatio,totalBytesRead,totalBytesWritten,diskBytesSpilledRatio,memoryBytesSpilledRatio,totalBytesIORatio,shuffleBytesIORatio,elapsedTime_minutes,peakExecutionMemory_GB,totalBytesRead_GB,totalBytesWritten_GB,shuffleTotalBytesRead_GB,shuffleBytesWritten_GB
q1,15284,63377,22594017,304315,20171610,2020161,2117305,513220,787,1189419,243,72899,0,15245,0,0,402984232,365095075,3215937378,100,1054,518563165,230000,1821,228179,8554400487,70598007,8483802480,0,8554400487,518563165,0.8927854661700927,0.10014872387479234,0.8998512761252077,0.05896500081054512,1.2046633858179887e-05,11770337865,8554401541,0.0,0.0,1.3759393697602909,1.0,1.056,0.375,10.962,7.967,7.967,7.967
q10,16179,61130,19283240,318713,17071665,1433929,1892127,471484,601,865576,9446,41577,134,29087704,0,0,1031798784,620583358,1350591759,100,4267,612949855,156320,1258,155062,1223864809,8957780,1214907029,0,1223864809,612949855,0.8853110265702236,0.08399467773061385,0.9160053222693861,0.05070249445499311,0.0005533145126734855,2574456568,1223869076,0.0,0.0,2.1035391926186717,1.0,1.019,0.961,2.398,1.14,1.14,1.14
q11,18834,93301,45014901,326079,42591500,7817172,2096647,524142,675,5556265,61223,273273,0,25413,0,0,822098184,4182849091,31515619088,100,3348,4398222387,813643,6576,807067,65533346803,546592974,64986753829,0,58743632059,4308222387,0.9461644711825535,0.18353831163495063,0.8164616883650494,0.13045478557928225,0.0014374464388434312,97048965891,58743635407,0.0,0.0,1.652076266962454,1.1155821406681263,1.555,0.766,90.384,54.709,61.033,54.709
q12,13033,53099,15313023,284629,13192954,876998,1834903,454228,537,720349,3926,17328,0,10347,0,0,205849568,20957605,192507387,100,12476,20744569,45068,373,44695,264138512,2818684,261319828,0,264138512,20744569,0.8615512430171365,0.06647472582713469,0.9335252741728653,0.05460103931234809,0.0002975830886699067,456645899,264150988,0.0,0.0,1.728730611448631,1.0,0.885,0.192,0.425,0.246,0.246,0.246
q13,12063,38306,15091683,263350,13153974,535125,1674059,386261,300,516536,0,0,0,4033,0,0,0,0,0,0,0,0,0,0,0,0,0,0,0,0,0,0.8716041809253481,0.04068162214704089,0.9593183778529591,0.03926843705179894,0.0,0,0,,,,,0.638,0.0,0.0,0.0,0.0,0.0
q14a,12063,36499,14035352,270769,12082924,531728,1681124,379754,535,520344,0,0,0,4033,0,0,0,0,0,0,0,0,0,0,0,0,0,0,0,0,0,0.8608921244012975,0.04400656662245,0.95599343337755,0.04306441056817042,0.0,0,0,,,,,0.608,0.0,0.0,0.0,0.0,0.0
q14b,20347,298844,55534678,335969,53196551,17978941,2001190,493486,891,3447705,210635,127547,77,4089502,4920412,1207959552,8858632192,17634024863,60438137521,0,0,8405066579,771466,6082,765384,26179732195,205162476,25974569719,0,27126124985,8795004909,0.9578978921962958,0.33797192979672686,0.6620280702032731,0.06481068669282714,0.003959561212906453,86617869716,27126124985,5.6805968746782793e-05,0.013945846924666013,3.1931530863290387,0.9651113901995464,4.981,8.25,80.669,25.263,24.382,25.263
q15,12063,35743,13528824,228620,11565699,524072,1733846,377164,659,490122,0,0,0,4033,0,0,0,0,0,0,0,0,0,0,0,0,0,0,0,0,0,0.8548931525755675,0.0453126092940859,0.9546873907059141,0.04237720521690907,0.0,0,0,,,,,0.596,0.0,0.0,0.0,0.0,0.0
q16,12063,36169,13680095,306999,11710491,535045,1662115,383941,490,477928,0,0,0,4033,0,0,0,0,0,0,0,0,0,0,0,0,0,0,0,0,0,0.8560240992478488,0.045689373741886655,0.9543106262581134,0.04081195229132579,0.0,0,0,,,,,0.603,0.0,0.0,0.0,0.0,0.0
q17,15732,60328,22252993,330205,19963126,2192813,1958898,488463,658,708575,3349,56562,106,24474396,0,0,398456184,841070121,6886961515,100,14681,846062191,190309,1493,188816,16589023536,127935178,16461088358,0,16589023536,846062191,0.8970984712034017,0.10984316784856239,0.8901568321514376,0.03549419063928164,0.00016775929781738592,23475985051,16589038217,0.0,0.0,1.4151504592317137,1.0,1.005,0.371,21.864,15.45,15.45,15.45
q18,14297,65607,22888414,289173,20625836,1821815,1972752,486508,594,1299156,9642,45971,59,9701937,0,0,234605472,904256785,15410805725,100,7320,122092207,198600,1918,196682,4150293907,42439576,4107854331,0,4150293907,122092207,0.9011474539039708,0.08832684406101164,0.9116731559389883,0.0629868287520564,0.0004674719608940942,19561099632,4150301227,0.0,0.0,4.713175878595089,1.0,1.093,0.218,18.218,3.865,3.865,3.865
q19,14166,55204,18113766,298048,15827386,1163020,1987748,484787,584,1035730,30322,48182,0,251238,0,0,206896256,309550776,3104459200,100,4162,54470274,107000,836,106164,966903980,12422265,954481715,0,966903980,54470274,0.873776662456609,0.07348149593369366,0.9265185040663063,0.06543910662190207,0.0019157932965051842,4071363180,966908142,0.0,0.0,4.210703171429081,1.0,0.92,0.193,3.792,0.901,0.9,0.9
q2,12063,34980,12520713,276094,10543084,539300,1700863,387184,672,505184,0,0,0,4033,0,0,0,0,0,0,0,0,0,0,0,0,0,0,0,0,0,0.8420514071363189,0.051152015861772517,0.9488479841382275,0.04791615053052788,0.0,0,0,,,,,0.583,0.0,0.0,0.0,0.0,0.0
q20,13402,52141,16164187,301548,13936510,970104,1924856,481201,1273,763238,187,26387,0,10347,0,0,210043872,41264652,359997176,100,12650,41051616,45068,341,44727,493638091,3425639,490212452,0,493638091,41051616,0.8621844080373482,0.06960881885063047,0.9303911811493695,0.054765360911734715,1.3417993457472495e-05,853635267,493650741,0.0,0.0,1.7292291818923857,1.0,0.869,0.196,0.795,0.46,0.46,0.46
q21,12320,45674,13984760,252991,11959078,626348,1772039,458036,652,516137,166,2147,0,226832,0,0,77628168,36073071,192100734,100,2801,2278784,2000,16,1984,35490646,278124,35212522,0,35490646,2278784,0.8551507498162285,0.052374271662079634,0.9476257283379204,0.043158594667582234,1.3880668727137661e-05,227591380,35493447,0.0,0.0,6.412208428220567,1.0,0.761,0.072,0.212,0.033,0.033,0.033
q22,12735,64525,15791522,313335,13677032,1320366,1800654,441957,501,816512,96,13094,0,10347,0,0,268763840,206353071,1092247521,100,2940,207019771,50800,375,50425,2582555802,12890389,2569665413,0,2582555802,207019771,0.866099670443419,0.09653892745151141,0.9034610725484886,0.05969950205570916,7.0190667097949325e-06,3674803323,2582558742,0.0,0.0,1.422931166380416,1.0,1.075,0.25,3.422,2.405,2.405,2.405
q23a,12063,36629,13605540,258880,11683547,532608,1662521,389133,592,493376,0,0,0,4033,0,0,0,0,0,0,0,0,0,0,0,0,0,0,0,0,0,0.8587345301987279,0.04558615632735504,0.9544138436726449,0.042228271945155015,0.0,0,0,,,,,0.61,0.0,0.0,0.0,0.0,0.0
q23b,21718,409434,136068817,525073,133431474,71029537,2111378,527835,737,13199570,3914731,827782,155,23182167,226220364641,877356122112,4266001312,23695607901,99829155686,100,2237,39137424169,1968689,15169,1953520,476617837196,3542795582,473075041614,0,180699170162,14264115130,0.98061757970601,0.5323297035600462,0.46767029643995384,0.09892396152350082,0.02933888746518681,576446992882,180699172399,0.3924391443348336,1.5220065902774114,3.1900920476224055,2.637631577215898,6.824,3.973,536.858,168.289,443.885,168.289
q24a,16885,310712,61814068,346025,59377077,22159671,2090040,521062,875,2886557,424141,1172463,51,12544475,0,0,3524538080,9549638501,108100846171,8366,446013,18113255309,1227013,9617,1217396,482205885412,3780062028,478425823384,0,247304510128,9148998921,0.9605754631777349,0.37320245656417206,0.6267975434358279,0.048613996273342994,0.007143177492553229,590306731583,247304956141,0.0,0.0,2.3869587605289997,1.9498467098817551,5.179,3.282,549.766,230.321,449.089,230.32
q24b,16885,316323,62403381,418104,59953135,21986017,2031144,519981,951,2961740,841268,1161377,47,12544475,0,0,3524538080,9549638501,108100846171,933,249152,18109707493,1195816,9338,1186478,481957545425,3760300279,478197245146,0,247056170141,9145451105,0.9607353646431432,0.36672005559008714,0.6332799444099129,0.04940091956825944,0.014032093567750878,590058391596,247056419293,0.0,0.0,2.3883548271466366,1.9508014924295838,5.272,3.282,549.535,230.089,448.858,230.089
q25,15579,58107,21012020,373471,18642252,1909405,1995194,505135,814,672850,96,39632,289,24474396,0,0,330325344,605920698,6549610858,100,13364,605758111,151863,1199,150664,11868345976,92053486,11776292490,0,11868345976,605758111,0.8872184587678862,0.10242351621467193,0.8975764837853281,0.036092742443348584,5.149592441943173e-06,18417956834,11868359340,0.0,0.0,1.5518536561263234,1.0,0.968,0.308,17.153,11.053,11.053,11.053
q26,13437,50988,19313599,301535,16806659,1542935,2204656,528458,722,904990,360,32950,27,2748732,0,0,89307264,862067712,11363723931,100,4465,11503861,116200,914,115286,364157467,2863390,361294077,0,364157467,11503861,0.8701981955822942,0.0918049803949732,0.9081950196050268,0.05384710905361976,2.1420081171397598e-05,11727881398,364161932,0.0,0.0,32.205127355266775,1.0,0.85,0.083,10.922,0.339,0.339,0.339
q27,13425,53632,21458544,374091,18843132,1379706,2240648,526815,638,976165,12473,29352,35,2748732,0,0,89254072,1652596893,20335651082,100,3683,1686992,144391,1136,143255,72818437,570802,72247635,0,72818437,1686992,0.8781179189044699,0.07322063020096659,0.9267793697990334,0.05180481673641091,0.0006619387902181017,20408469519,72822120,0.0,0.0,280.25096658817404,1.0,0.894,0.083,19.007,0.068,0.068,0.068
q28,20332,121838,87039722,532148,84314246,6840616,2192481,534690,847,4462937,95713,107061,0,25449,0,0,67371008,51839466426,302385933186,1,4628,62584188,1408801,11024,1397777,1102568450,8639193,1093929257,0,1102568450,62584188,0.9686869863853655,0.08113238657201537,0.9188676134279846,0.052932181828442136,0.001135193689569376,303488501636,1102573078,0.0,0.0,275.2547723970456,1.0,2.031,0.063,282.646,1.027,1.027,1.027
q29,15827,79780,27033478,338960,24704142,5173276,1989631,493508,645,1149056,21131,182185,100,24474396,0,0,1336983584,2803682452,18997334774,100,12447,2796879904,339838,2649,337189,45385550907,357735481,45027815426,0,45385550907,2796879904,0.9138351343471233,0.20940925614822,0.79059074385178,0.046512686010305476,0.0008553626351402935,64382885681,45385563354,0.0,0.0,1.418576325225358,1.0,1.33,1.245,59.961,42.269,42.269,42.269
q3,13306,50057,17019635,295000,14510068,1124809,2213800,531832,767,834381,25,14537,0,33180,0,0,67371008,1323664431,10551634832,100,2944,120639,76085,586,75499,8997961,70261,8927700,0,8997961,120639,0.8525487179954212,0.07751920942065882,0.9224807905793412,0.05750358992114992,1.722941615435572e-06,10560632793,9000905,0.0,0.0,1173.2856632749706,1.0,0.834,0.063,9.835,0.008,0.008,0.008
q30,15767,68935,25321407,311699,23003732,1805778,2005353,501463,623,1373021,52040,66070,0,20825,0,0,402980864,142579421,2496611874,100,10430,272883732,297600,2126,295474,7946449547,65555801,7880893746,0,7818989376,258334778,0.9084697386681554,0.07849934958379796,0.921500650416202,0.05968688037228046,0.002262241622359363,10443061421,7818999806,0.0,0.0,1.3356006752917933,1.016301361323144,1.149,0.375,9.726,7.282,7.401,7.282
q31,21189,70773,31552951,413442,29077796,2533352,2060892,514775,821,1979245,1428237,129504,0,35605,0,0,407109632,1188127306,6513410582,269,430483,1240514929,406364,3270,403094,11578344110,97066537,11481277573,0,10390127517,1167755146,0.921555514728242,0.08712324689257742,0.9128767531074226,0.06806722902932533,0.04911778733161207,18091754692,10390558000,0.0,0.0,1.7411725811068086,1.1143601549697901,1.18,0.379,16.849,9.677,10.783,9.677
q32,12063,36520,13582363,262111,11620472,537584,1699170,394917,610,507832,0,0,0,4033,0,0,0,0,0,0,0,0,0,0,0,0,0,0,0,0,0,0.8555559883063057,0.04626180416767925,0.9537381958323208,0.043701495085569676,0.0,0,0,,,,,0.609,0.0,0.0,0.0,0.0,0.0
q33,15663,56600,19876702,450163,17507425,1304500,1918282,477449,804,1011164,177725,76803,28,3146417,0,0,166677280,160118789,1459938561,100,1799,159335573,142465,1168,141297,2147699483,19066126,2128633357,0,2091991699,148386593,0.8808013019463692,0.07451124308686172,0.9254887569131383,0.0577562948291939,0.010151407188664238,3607638044,2091993498,0.0,0.0,1.7244977326406585,1.0266290655104555,0.943,0.155,3.36,1.948,2.0,1.948
q34,14291,57602,20080049,320455,17537112,1284552,2221557,546351,925,865408,482,18779,0,18172,0,0,142671872,1166431010,6080329263,12322,562790,60163947,105896,828,105068,1999239825,14329637,1984910188,0,1003513725,30151625,0.8733600201872017,0.07324763621284965,0.9267523637871503,0.04934723573642,2.7484571005761954e-05,8079569088,1004076515,0.0,0.0,8.046766324377181,1.9922396427612388,0.96,0.133,7.525,0.935,1.862,0.935
q35,12063,41225,13794044,263544,11872597,543011,1657305,386900,598,502440,0,0,0,4033,0,0,0,0,0,0,0,0,0,0,0,0,0,0,0,0,0,0.860704591053936,0.04573649724655861,0.9542635027534414,0.04231930048665848,0.0,0,0,,,,,0.687,0.0,0.0,0.0,0.0,0.0
q36,13623,51543,19894954,382471,17322010,1472598,2189778,543751,654,974920,16106,19391,41,6550589,0,0,91596928,1641545164,20844565540,100,3847,129503,86180,675,85505,10252669,80265,10172404,0,10252669,129503,0.8706735386269302,0.08501311337425622,0.9149868866257438,0.056282152013536535,0.0009297997172383574,20854818209,10256516,0.0,0.0,2033.3238118090003,1.0,0.859,0.085,19.423,0.01,0.01,0.01
q37,13681,59460,20529687,337741,18252225,2223023,1939037,470909,684,732611,0,73490,0,10347,0,0,1678049280,4356077468,17533502660,12,2970,261109823,15265,1752,13513,1377127512,158092579,1219034933,0,20295083394,4320005325,0.8890649428800351,0.12179463051764922,0.8782053694823508,0.040138174934836714,0.0,18910630172,20295086364,0.0,0.0,0.9317836757543546,0.06785522805031348,0.991,1.563,17.612,18.901,1.283,18.901
q38,12063,36712,13668743,247411,11762704,534201,1658168,382993,460,519896,0,0,0,4033,0,0,0,0,0,0,0,0,0,0,0,0,0,0,0,0,0,0.8605549171566105,0.045414812784543415,0.9545851872154566,0.04419868084753301,0.0,0,0,,,,,0.612,0.0,0.0,0.0,0.0,0.0
q39a,13115,58611,15721244,275942,13551155,997509,1893209,468786,915,555853,4194,35162,23,1821496,0,0,682611144,32186120,169330039,19548,1198077,32811120,177036,1416,175620,551741011,10220511,541520500,0,532784526,32255334,0.8619645493702661,0.07361062581012467,0.9263893741898753,0.0410188651816026,0.0003094939139874055,721071050,533982603,0.0,0.0,1.3503643114006094,1.0355800217065614,0.977,0.636,0.672,0.497,0.514,0.496
q39b,13115,57766,15785818,270432,13649011,967149,1865355,468894,997,566709,2447,21112,23,1821453,0,0,682611144,32186120,169330039,858,574613,32261318,104054,842,103212,532926449,10745473,522180976,0,522551378,31971088,0.8646375499831558,0.07085854059316092,0.9291414594068391,0.041520151166996644,0.00017928038888678454,702256488,523125991,0.0,0.0,1.3424232404464873,1.0198546428864264,0.963,0.636,0.654,0.487,0.496,0.487
q4,21938,178828,109981149,392775,107498078,46734457,2089164,528363,1132,16383356,1109426,864857,0,35147,0,0,956315912,5892822403,94557412352,100,3330,6278841522,1209243,9345,1199898,155874361950,1216480982,154657880968,0,144558170710,6128841522,0.977422758149217,0.43474690775401587,0.5652530922459842,0.15240603650606666,0.010320426380088395,250431774302,144558174040,0.0,0.0,1.7323944215890845,1.0782812288258792,2.98,0.891,233.233,134.63,145.169,134.63
q40,14838,57629,22369818,348541,19946979,1785696,2073648,491223,650,689184,59,59327,0,226746,0,0,355500600,515332484,6065439745,100,2984,519402496,325791,2534,323257,9518752395,74852311,9443900084,0,9518752395,519402496,0.891691608756048,0.08952212763647066,0.9104778723635294,0.03455079588743739,2.9578413854047775e-06,15584192140,9518755379,0.0,0.0,1.6372090173029752,1.0,0.96,0.331,14.514,8.865,8.865,8.865
q41,12431,46948,13983164,271860,11895737,606616,1814999,444232,568,543179,1,2064,0,7756,0,0,134488064,720000,5065325,100,1583,964,452,23,429,51667,2416,49251,0,51667,964,0.8507185498217714,0.05099440244854102,0.949005597551459,0.045661651732885486,8.406372803971708e-08,5116992,53250,0.0,0.0,96.09374647887324,1.0,0.782,0.125,0.005,0.0,0.0,0.0
q42,12063,35670,13480116,263420,11533529,530748,1682685,381912,482,490288,0,0,0,4033,0,0,0,0,0,0,0,0,0,0,0,0,0,0,0,0,0,0.8555956788502413,0.04601783200961301,0.953982167990387,0.042509799038958504,0.0,0,0,,,,,0.594,0.0,0.0,0.0,0.0,0.0
q43,13415,47814,18636719,326269,16052297,1395508,2257606,529830,547,956051,30,24664,0,9815,0,0,67371008,1659294255,4481243642,100,7095,223885,115612,899,114713,14797454,114415,14683039,0,14797454,223885,0.861326341830877,0.0869350972013538,0.9130649027986462,0.05955851676554452,1.8688914116154218e-06,4496041096,14804549,0.0,0.0,303.69321591627005,1.0,0.797,0.063,4.187,0.014,0.014,0.014
q44,14832,85322,43879747,352329,41352934,2833172,2173883,516766,568,2632822,2903,42761,33,6101680,0,0,123149712,17278509106,128532791263,10,1415,24080405,470774,3693,467081,329654569,2599651,327054918,0,166510056,12188068,0.942415050843388,0.06851199482000479,0.9314880051799952,0.06366711488959889,7.020058117278934e-05,128862445832,166511471,0.0,0.0,773.8953061798367,1.9797877492756353,1.422,0.115,120.013,0.155,0.307,0.155
q45,12063,37897,13671143,294685,11675374,554323,1700543,390320,541,536416,0,0,0,4033,0,0,0,0,0,0,0,0,0,0,0,0,0,0,0,0,0,0.8540159370727085,0.047477965159831284,0.9525220348401687,0.045944224142198786,0.0,0,0,,,,,0.632,0.0,0.0,0.0,0.0,0.0
q46,14187,59307,20237522,299405,17969077,1637115,1968301,493155,739,970570,657,58817,0,14377,0,0,275251200,1481432959,17619733520,100,4396,67498971,206686,1515,205171,1537617763,18849821,1518767942,0,1327490948,52950010,0.8879089544658679,0.09110735070031699,0.908892649299683,0.05401334748579462,3.656281288126263e-05,19157351283,1327495344,0.0,0.0,14.431200357566,1.158288698929795,0.988,0.256,17.842,1.236,1.432,1.236
q47,15406,64765,30766921,376141,28083865,5668429,2305558,547655,1320,3333318,126646,167272,37,8129915,0,0,201523200,4052181092,27134716520,100,5621,16433350,592511,4654,587857,706409566,5548370,700861196,0,695611266,16313190,0.9127941336736295,0.20183934796724026,0.7981606520327598,0.1186915689845397,0.004509564477681402,27841126086,695616887,0.0,0.0,40.023648945716296,1.0155234691095414,1.079,0.188,25.929,0.648,0.658,0.648
q48,12063,36859,13548130,246625,11628242,543315,1672627,388747,636,503587,0,0,0,4033,0,0,0,0,0,0,0,0,0,0,0,0,0,0,0,0,0,0.8582912918609432,0.046723743795493766,0.9532762562045063,0.043307234231967306,0.0,0,0,,,,,0.614,0.0,0.0,0.0,0.0,0.0
q49,20317,74595,37883230,373280,35436666,2158727,2072573,510533,711,981039,38692,91975,0,24545,0,0,210502624,2009751933,28399978089,100,2384,161330499,896051,7024,889027,3562338543,26634064,3535704479,0,3562338543,161330499,0.9354182840269956,0.06091789221931883,0.9390821077806811,0.02768429174460148,0.001091863438846081,31962316632,3562340927,0.0,0.0,8.972278983672918,1.0,1.243,0.196,29.767,3.318,3.318,3.318
q5,16618,129295,35228921,488623,32537807,5417507,2202036,539869,455,1275224,18512,105501,0,367209,0,0,738725968,2327157958,14410315944,100,3737,2161073281,260874,2001,258873,30124014826,229059132,29894955694,0,30124014826,2161073281,0.9236106606841578,0.1664988362614604,0.8335011637385397,0.03919206970525088,0.0005689381586165287,44534330770,30124018563,0.0,0.0,1.4783661972874877,1.0,2.155,0.688,41.476,28.055,28.055,28.055
q50,12063,36064,13526646,273907,11583967,537002,1668115,383125,657,510888,0,0,0,4033,0,0,0,0,0,0,0,0,0,0,0,0,0,0,0,0,0,0.8563813232045845,0.04635734891164659,0.9536426510883534,0.04410302619128663,0.0,0,0,,,,,0.601,0.0,0.0,0.0,0.0,0.0
q51,15543,63135,24056009,347549,21470219,2987454,2237682,545224,559,1665896,461045,106080,0,14005,0,0,150994944,2093474209,12423564922,100,4724,535923067,440202,3435,436767,8780865446,68532237,8712333209,0,8780865446,535923067,0.8925096012393411,0.13914408604774828,0.8608559139522517,0.07759101106514098,0.0214736980558978,21204430368,8780870170,0.0,0.0,2.4148438545926023,1.0,1.052,0.141,19.748,8.178,8.178,8.178
q52,13297,47356,16981155,311026,14469590,933871,2199814,514732,725,768388,2,4704,0,120817,0,0,68026592,267222581,2147450100,100,2927,146669,24000,190,23810,6518977,52123,6466854,0,6518977,146669,0.8520969274469258,0.06454025304103295,0.935459746958967,0.0531036470280084,1.3822091710960712e-07,2153969077,6521904,0.0,0.0,330.2669093258656,1.0,0.789,0.063,2.006,0.006,0.006,0.006
q53,13624,49170,18182136,323253,15643260,1212558,2214764,539173,859,889830,22,24648,0,184363,0,0,69063792,1659654255,11122869481,100,2072,696368,152334,1189,151145,18568684,143948,18424736,0,18568684,696368,0.8603642608327207,0.07751312705919354,0.9224868729408064,0.056882644666137364,1.4063564755683917e-06,11141438165,18570756,0.0,0.0,599.9453207505392,1.0,0.82,0.064,10.376,0.017,0.017,0.017
q54,16804,61147,21500781,353273,19230850,1379469,1916119,485364,539,828511,541,28770,0,48493,0,0,482344960,512112598,2986391925,100,1782,327828761,142916,1082,141834,3101166665,29542041,3071624624,0,3101166665,327828761,0.8944256490031688,0.07173208672523576,0.9282679132747642,0.04308239105395757,2.8131881846096246e-05,6087558590,3101168447,0.0,0.0,1.962988690888096,1.0,1.019,0.449,5.669,2.888,2.888,2.888
q55,13297,46467,16748802,292857,14286187,941000,2168918,524457,840,716576,5,4928,0,123160,0,0,68040280,264472644,2125370401,100,2713,88251,22966,171,22795,4375294,33088,4342206,0,4375294,88251,0.8529676928534948,0.06586782043382185,0.9341321795661781,0.05015866024993233,3.4998841888321915e-07,2129745695,4378007,0.0,0.0,486.46466188838895,1.0,0.774,0.063,1.983,0.004,0.004,0.004
q56,15464,55499,20072840,320410,17774961,1337760,1976810,495838,659,1071215,4442,68555,0,163155,0,0,221510512,146232849,1328162423,100,2073,146981084,141607,1173,140434,1973819708,17396095,1956423613,0,1918111924,136032104,0.8855229753238705,0.07526092462312575,0.9247390753768743,0.060265392424771004,0.000249902095425132,3301982131,1918113997,0.0,0.0,1.7214733515132157,1.0290430309634007,0.925,0.206,3.075,1.786,1.838,1.786
q57,15608,64225,27240918,366614,24567966,3720260,2305350,549674,949,2821551,79774,202048,39,8129915,0,0,201523200,2085640286,13221527362,100,5354,30758432,551417,4294,547123,1263947824,9847539,1254100285,0,1243894129,30470048,0.9018773155882632,0.15142726915203317,0.8485727308479668,0.11484674799696483,0.0032470738521862166,14485475186,1243899483,0.0,0.0,11.645213607665758,1.0161217056439695,1.07,0.188,13.491,1.158,1.177,1.158
q58,15761,77729,41646109,309497,39104854,2545778,2231238,533786,491,1244835,32,892,29,2748732,0,0,403636224,14709783488,117411822622,0,1005,3785265,4219,41,4178,48433441,472192,47961249,0,62024810,4854119,0.9389797735966162,0.06510132987582565,0.9348986701241744,0.0318332603926868,8.18312734270789e-07,117460256063,62025815,0.0,0.0,1893.731764153361,0.7808720574879633,1.295,0.376,109.393,0.058,0.045,0.058
q59,12063,36868,13548384,260340,11620002,538610,1667524,386414,518,528705,0,0,0,4033,0,0,0,0,0,0,0,0,0,0,0,0,0,0,0,0,0,0.857667010323888,0.04635197136799116,0.9536480286320088,0.04549956187615114,0.0,0,0,,,,,0.614,0.0,0.0,0.0,0.0,0.0
q6,14765,86446,21089590,343090,18861623,1191902,1884515,471931,362,969090,1336,29355,0,19089,0,0,218431488,133193857,833434435,52,1134,245582077,101271,772,100499,2201092035,19538200,2181553835,0,2201092035,245582077,0.894357026381262,0.06319191089759349,0.9368080891024065,0.05137892958628216,7.083165642744529e-05,3034526470,2201093169,0.0,0.0,1.37864517174375,1.0,1.441,0.203,2.826,2.05,2.05,2.05
q60,16395,57512,21355533,346378,19007089,1551818,2001344,500593,722,1148947,133017,74277,0,572459,0,0,242813024,333740321,3131242529,100,1961,342343310,158600,1216,157384,4779734676,36907212,4742827464,0,4724026892,331394330,0.8900311221452539,0.0816441697095226,0.9183558302904774,0.06044834114261263,0.006998283640382807,7910977205,4724028853,0.0,0.0,1.6746250819310988,1.0117924358335766,0.959,0.226,7.368,4.4,4.451,4.4
q61,12063,35643,13443219,245724,11550358,539598,1646630,384866,507,494736,0,0,0,4033,0,0,0,0,0,0,0,0,0,0,0,0,0,0,0,0,0,0.8591958518268579,0.04671699353388008,0.95328300646612,0.04283295807800936,0.0,0,0,,,,,0.594,0.0,0.0,0.0,0.0,0.0
q62,12063,37414,14042790,255575,12138357,534606,1648273,382450,585,504416,0,0,0,4033,0,0,0,0,0,0,0,0,0,0,0,0,0,0,0,0,0,0.8643835733497404,0.0440426986947245,0.9559573013052755,0.04155554166020986,0.0,0,0,,,,,0.624,0.0,0.0,0.0,0.0,0.0
q63,13624,48828,18473649,318944,15949899,1185074,2203884,536520,922,834223,5,14485,0,163964,0,0,69063792,1659654255,11122731327,100,1784,78728,61161,447,60714,4370470,31751,4338719,0,4370470,78728,0.8633864917537407,0.07429978083246797,0.9257002191675321,0.05230271364100801,3.1348160888040735e-07,11127101797,4372254,0.0,0.0,2544.934900168197,1.0,0.814,0.064,10.363,0.004,0.004,0.004
q64,21935,186319,84210415,396223,81746017,30271837,2067151,519035,972,5482692,1219365,1415874,52,12753639,0,0,1627389952,8973109521,118909351856,63490,4446568,10993651672,1993634,16420,1977214,332346566888,2787975917,329558590971,0,318522747075,9985778920,0.9707352350656389,0.37031574272297574,0.6296842572770243,0.06706983656463654,0.014916506574259147,451255918744,318527193643,0.0,0.0,1.416695113478318,1.0433997883665904,3.105,1.516,420.265,296.652,309.522,296.647
q65,14965,74541,35735389,372913,33147073,7073946,2214197,539714,1080,5583679,1129,553351,126,32318746,0,0,537198592,3264720721,21929263502,100,11719,3277470334,404622,3186,401436,61850456212,484110721,61366345491,0,61850456212,3277470334,0.9275699503369055,0.2134108794462787,0.7865891205537213,0.16845164579086666,3.4060322611290596e-05,83779719714,61850467931,0.0,0.0,1.3545527223409877,1.0,1.242,0.5,78.026,57.603,57.603,57.603
q66,14959,55892,22989893,328370,20377243,1789001,2283609,567636,671,1231857,4471,23140,0,147665,0,0,134742016,1284668992,12600608434,22,19904,22066,21065,174,20891,6692175,56218,6635957,0,6692175,22066,0.8863565828688285,0.08779406517358604,0.912205934826414,0.060452584287285574,0.00021941142871977334,12607300609,6712079,0.0,0.0,1878.3003908327062,1.0,0.932,0.125,11.741,0.006,0.006,0.006
q67,13824,1040978,55428373,305062,53116471,22204702,2006439,500403,401,6560626,48198,294998,0,12993,89124309674,427220140032,16978542592,1659654255,12628102754,100,4013,3438611232,196813,1527,195286,85528185163,642760601,84885424562,0,85528185163,3438611232,0.9582902785185486,0.4180379754520966,0.5819620245479034,0.12351396612926337,0.0009074021502670989,98156287917,85528189176,0.9079837019647956,4.3524480101901695,1.1476483819272016,1.0,17.35,15.812,91.415,79.654,79.654,79.654
q68,14155,56029,18423920,306573,16115316,1217811,2001415,484788,616,801250,62577,43178,0,14377,0,0,273416192,369683835,5904205752,100,6388,61006455,109381,840,108541,1431856678,20201015,1411655663,0,1221729863,46457494,0.8746952874306879,0.07556854609614853,0.9244314539038515,0.04971978210045649,0.0038830761990642938,7336062430,1221736251,0.0,0.0,6.004620411316583,1.1719912243808353,0.934,0.255,6.832,1.138,1.334,1.138
q69,16161,62701,22135976,298757,19837209,1431208,1999346,497281,534,1094208,40961,47820,130,28663813,0,0,729808896,470762191,1116953700,100,3235,462411578,140869,1033,139836,1056225083,11064309,1045160774,0,1056225083,462411578,0.896152444328635,0.0721476493996711,0.9278523506003289,0.05515937247018973,0.0020648570068501067,2173178783,1056228318,0.0,0.0,2.0574896033037433,1.0,1.045,0.68,2.024,0.984,0.984,0.984
q7,13426,79398,23485654,321852,20886339,1490041,2276936,517968,497,968162,11497,22763,30,2748775,0,0,89307264,1661575505,21605125944,100,4472,20729733,147880,1162,146718,628347453,4935571,623411882,0,628347453,20729733,0.8893232864624506,0.07134045846905003,0.92865954153095,0.04635383922476792,0.0005504554915057157,22233473397,628351925,0.0,0.0,35.3837913315854,1.0,1.323,0.083,20.707,0.585,0.585,0.585
q70,15365,60396,24611996,382285,21970382,2161405,2258610,552618,719,1662757,28223,40289,0,14873,0,0,134348800,3318515461,15778234227,76,2868,83222,71076,555,70521,6719804,52607,6667197,0,6719804,83222,0.8926696558865035,0.0983781256056449,0.9016218743943551,0.07568175191491891,0.0012845930489510833,15784954031,6722672,0.0,0.0,2348.0178760766553,1.0,1.007,0.125,14.701,0.006,0.006,0.006
q71,15732,62462,21452953,324205,18876753,1217599,2250881,547892,1114,877204,1395,11628,0,134028,0,0,69437552,472892034,4303845119,272179,3383125,5892691,145962,1143,144819,213443842,1680291,211763551,0,113626395,3082435,0.8799139680210925,0.06450256566900038,0.9354974343309996,0.04647006823684137,7.390042132775695e-05,4517288961,117009520,0.0,0.0,38.606166070931664,1.8784705965546122,1.041,0.065,4.207,0.109,0.199,0.106
q72,16244,279279,55382599,316812,53080336,32589917,1984467,492915,859,1283900,23357,192382,125,23182167,0,0,1293988904,2323057153,18912980760,100,2803,2321855870,520990,4097,516893,46568676670,369934894,46198741776,0,46568676670,2321855870,0.9584298490578241,0.6139734496028811,0.38602655039711886,0.0241878649750823,0.0004400311256507495,65481657430,46568679473,0.0,0.0,1.4061308624386812,1.0,4.655,1.205,60.985,43.37,43.37,43.37
q73,14281,55412,19214421,404094,16598588,1113982,2210881,535855,858,786438,72,9835,0,11673,0,0,142671872,354683835,1938557432,602,346382,57486661,34930,307,34623,1907128031,14835029,1892293002,0,1000398910,30183313,0.8638609511054224,0.06711305805047996,0.93288694194952,0.04737981327086376,4.337718364959718e-06,3845685463,1000745292,0.0,0.0,3.8428214389241413,1.9063675619158762,0.924,0.133,3.582,0.932,1.776,0.932
q74,18834,94928,41769806,476749,39275027,6316414,2017146,499998,884,5528034,802022,248394,0,25413,0,0,750795016,4182849091,22926880816,100,3072,4398222387,813643,6565,807078,45599976624,371253480,45228723144,0,42649297287,4308222387,0.9402731485034908,0.1608251981596346,0.8391748018403654,0.14075188286948853,0.020420660691079857,68526857440,42649300359,0.0,0.0,1.6067522060895714,1.0691847116997963,1.582,0.699,63.821,39.72,42.468,39.72
q75,24939,107901,67505342,388733,64885240,8270527,2230723,549379,646,5397328,535396,334184,0,585625,0,0,603979776,7375194761,79862464700,41,3937,4192235620,2566226,20323,2545903,99724890684,785538925,98939351759,0,66214075550,2680223262,0.9611867457837633,0.12746391937519227,0.8725360806248077,0.08318267760125415,0.008251429755056773,179587355384,66214079487,0.0,0.0,2.712223091755869,1.506098059297001,1.798,0.562,167.254,61.667,92.876,61.667
q76,15755,81520,45977120,332349,43414239,3132365,2229717,543775,780,2685541,89971,22649,35,3229205,0,0,88438904,14709345129,133103854408,100,3099,58589,55539,403,55136,6143287,44599,6098688,0,6143287,58589,0.9442574698023712,0.07215063702947781,0.9278493629705222,0.06185852987081036,0.002072384592529654,133109997695,6146386,0.0,0.0,21656.62841464887,1.0,1.359,0.082,123.968,0.006,0.006,0.006
q77,55825,56784,31033930,7872716,20458678,1632714,2700784,815852,1752,943935,602857,20532,0,22375,0,0,336461824,345832600,3062032719,100,3787,736659,550158,4145,546013,43208300,326810,42881490,0,7155271,224632,0.6592358106111601,0.07980544979494765,0.9201945502050524,0.04613861169328732,0.029467055495961177,3105241019,7159058,0.0,0.0,433.7499457330839,6.038667158798039,0.946,0.313,2.892,0.007,0.04,0.007
q78,20089,173052,64118445,369625,61745255,19372082,2002998,512949,567,4889321,340842,634712,0,20205,0,0,2952790016,4465198630,47109413005,100,6489,7106013189,1228442,9638,1218804,177856880630,1388380262,176468500368,0,177856880630,7106013189,0.9629874055741683,0.31374203572404064,0.6862579642759594,0.07918537222010015,0.005520132680640804,224966293635,177856887119,0.0,0.0,1.264872546006499,1.0,2.884,2.75,209.516,165.642,165.642,165.642
q79,12063,32964,11003914,246633,9066111,527552,1690591,380464,579,488547,0,0,0,4033,0,0,0,0,0,0,0,0,0,0,0,0,0,0,0,0,0,0.823898750935349,0.05818944859598564,0.9418105514040144,0.05388716286398876,0.0,0,0,,,,,0.549,0.0,0.0,0.0,0.0,0.0
q8,12063,36384,12565170,257885,10615499,543042,1691197,385290,589,516848,0,0,0,4033,0,0,0,0,0,0,0,0,0,0,0,0,0,0,0,0,0,0.8448352867490054,0.05115557921488194,0.9488444207851181,0.04868805507871086,0.0,0,0,,,,,0.606,0.0,0.0,0.0,0.0,0.0
q80,20112,79523,37734076,409515,35270144,5473221,2053676,510786,741,1440514,152088,151334,0,367252,0,0,505238872,1840460347,29587968769,100,4154,1833528334,878090,6854,871236,44160631738,345437568,43815194170,0,44160631738,1833528334,0.934702733942657,0.15518000153330816,0.8448199984666919,0.040842305605556926,0.004312089000827442,73748600507,44160635892,0.0,0.0,1.6700076667229347,1.0,1.325,0.471,68.684,41.128,41.128,41.128
q81,15927,65653,19755820,307862,17449931,2075283,1997391,496553,636,1246310,1400,69355,0,20825,0,0,671416320,232577449,2885160035,100,10027,506565026,298000,1931,296069,9516977951,86070070,9430907881,0,9389517780,492016072,0.8832805218917767,0.11892786280931426,0.8810721371906858,0.07142205891816994,8.022954360106066e-05,12402137986,9389527807,0.0,0.0,1.3208478893639428,1.013574730245625,1.094,0.625,11.55,8.745,8.863,8.745
q82,13696,76071,24002959,341733,21697867,3698844,1962676,486329,683,851045,0,146033,0,10347,0,0,3221553152,8675984124,34822418344,27,4245,1170418574,33567,1846,31721,5776426092,319213694,5457212398,0,40551755488,8639913154,0.903966340149979,0.17047039692887786,0.8295296030711221,0.0392225189692609,0.0,40598844436,40551759733,0.0,0.0,1.0011611013507185,0.14244577139722964,1.268,3.0,37.811,37.767,5.38,37.767
q83,16142,60148,25407257,307327,22899045,1372659,2200046,534675,812,875091,16,3164,27,2748732,0,0,403636224,1472622757,7285456815,100,6971,7129375,12400,93,12307,83538403,620151,82918252,0,83538403,7129375,0.9012797013073863,0.059943940893604955,0.940056059106395,0.03821517447561678,6.98719095053964e-07,7368995218,83545374,0.0,0.0,88.20350984364497,1.0,1.002,0.376,6.863,0.078,0.078,0.078
q84,16185,49409,17505889,362060,15069827,1536510,2073146,518066,805,614720,5778,42147,51,9701980,0,0,73306376,910934096,3932272334,100,779,862500421,2793,91,2702,5038407798,286556454,4751851344,0,5038407798,862500421,0.8608432853652848,0.10195936555874198,0.898040634441258,0.04079144372393923,0.0003834151513484528,8970680132,5038408577,0.0,0.0,1.7804590467217283,1.0,0.823,0.068,8.355,4.692,4.692,4.692
q85,12063,34429,11964315,248878,10032733,534960,1682136,380641,568,501640,0,0,0,4033,0,0,0,0,0,0,0,0,0,0,0,0,0,0,0,0,0,0.8385547354779609,0.05332146285563465,0.9466785371443653,0.050000333907022146,0.0,0,0,,,,,0.574,0.0,0.0,0.0,0.0,0.0
q86,13603,46589,16172142,421913,13506092,1362778,2243267,544410,831,816934,65,10213,39,6550632,0,0,91593592,434614353,3494305210,100,3394,86615,52781,414,52367,5830172,45940,5784232,0,5830172,86615,0.8351455237036628,0.10090098601431118,0.8990990139856888,0.060486334611077726,4.812643065070192e-06,3500135382,5833566,0.0,0.0,599.9992769431253,1.0,0.776,0.085,3.26,0.005,0.005,0.005
q87,12063,34007,12067586,245399,10144206,530773,1677368,379369,613,515528,0,0,0,4033,0,0,0,0,0,0,0,0,0,0,0,0,0,0,0,0,0,0.8406160105260488,0.05232277420233777,0.9476772257976622,0.05081994588832285,0.0,0,0,,,,,0.567,0.0,0.0,0.0,0.0,0.0
q88,21497,113960,75024385,338094,72744016,6401566,1941569,470407,706,1280454,0,1875,0,31525,0,0,173552,69119988350,220126580343,1,2258,9416,9416,72,9344,555395,4248,551147,0,555395,9416,0.9696049624398787,0.08800127284696517,0.9119987271530349,0.0176021901237897,0.0,220127135738,557653,0.0,0.0,394738.5484127226,1.0,1.899,0.0,205.009,0.001,0.001,0.001
q89,13626,48555,16817867,296814,14297986,1363739,2222451,536921,616,1005576,28787,40245,0,374412,0,0,70799216,1650796412,11059023588,100,3491,454162,153611,1213,152398,42102268,330787,41771481,0,42102268,454162,0.850166433115448,0.09537979684691257,0.9046202031530874,0.07032990520483094,0.0020133604830778265,11101125856,42105759,0.0,0.0,263.64863428777045,1.0,0.809,0.066,10.339,0.039,0.039,0.039
q9,29734,172834,129736281,386994,127337452,7465448,2011151,494752,684,1343229,0,2256,0,4033,0,0,0,129598666156,340144797691,1,1538,17655,17655,146,17509,1116918,9118,1107800,0,1116918,17655,0.9815099601937872,0.05862727644338289,0.9413727235566172,0.010548577648624538,0.0,340145914609,1118456,0.0,0.0,304120.9619412833,1.0,2.881,0.0,316.786,0.001,0.001,0.001
q90,14388,53519,21492488,323756,19237692,1315925,1930177,464209,863,647369,0,2106,0,38232,0,0,286944,4320045122,14008262292,1,571,2319,2319,18,2301,136600,1050,135550,0,136600,2319,0.8950891120655738,0.06840347584315208,0.9315965241568479,0.03365107415172257,0.0,14008398892,137171,0.0,0.0,102123.61863659228,1.0,0.892,0.0,13.046,0.0,0.0,0.0
q91,13503,50640,13917208,294751,11734731,1016207,1886898,479928,828,695601,2941,15948,0,898745,0,0,146918240,52797529,553314458,48,71088,41019756,57260,789,56471,988035078,14827360,973207718,0,987395126,41015585,0.8431814053508434,0.0865982356135816,0.9134017643864184,0.05927711508683071,0.0002506235549839191,1541349536,987466214,0.0,0.0,1.5609136942076685,1.0006481214897145,0.844,0.137,1.435,0.92,0.92,0.92
q92,12063,34385,11869161,244197,9951428,540991,1672851,389133,685,514024,0,0,0,4033,0,0,0,0,0,0,0,0,0,0,0,0,0,0,0,0,0,0.8384272485645784,0.05436315270532028,0.9456368472946797,0.05165329036194605,0.0,0,0,,,,,0.573,0.0,0.0,0.0,0.0,0.0
q93,15000,229076,57977859,344519,55647184,27889718,1985535,495743,621,2472449,377931,1406651,0,9026,0,0,3760193568,9503917218,92951291183,100,1054,9485557568,544400,4230,540170,247489323749,1915081620,245574242129,0,247489323749,9485557568,0.959800602502414,0.5011883081091758,0.4988116918908242,0.044430801745511506,0.006791556604194024,340440614932,247489324803,0.0,0.0,1.3755769676247194,1.0,3.818,3.502,317.06,230.492,230.492,230.492
q94,12063,40415,16794209,238312,14863447,537491,1691803,393920,647,499440,0,0,0,4033,0,0,0,0,0,0,0,0,0,0,0,0,0,0,0,0,0,0.8850340614434417,0.03616193471137617,0.9638380652886238,0.03360189598011821,0.0,0,0,,,,,0.674,0.0,0.0,0.0,0.0,0.0
q95,12063,33638,11712499,240979,9788463,539210,1682421,390738,636,507856,0,0,0,4033,0,0,0,0,0,0,0,0,0,0,0,0,0,0,0,0,0,0.835727968898866,0.05508627861187196,0.944913721388128,0.051883119954583265,0.0,0,0,,,,,0.561,0.0,0.0,0.0,0.0,0.0
q96,12063,34892,11955273,252854,10002747,535116,1699164,388352,508,503904,0,0,0,4033,0,0,0,0,0,0,0,0,0,0,0,0,0,0,0,0,0,0.8366807683939965,0.05349690440036122,0.9465030955996387,0.05037656155853987,0.0,0,0,,,,,0.582,0.0,0.0,0.0,0.0,0.0
q97,14574,89282,29350869,335710,26927463,7224681,2086801,512822,895,3932836,7086,347626,0,8335,0,0,1879048192,2519004968,14060365990,1,1025,2513145212,270603,2109,268494,30242163813,235837739,30006326074,0,30242163813,2513145212,0.9174332453325317,0.2683015848912317,0.7316984151087683,0.14605297201596748,0.00026315141534128186,44302529803,30242164838,0.0,0.0,1.4649258755224037,1.0,1.488,1.75,41.26,28.165,28.165,28.165
q98,14079,56140,16064743,302849,13744874,1119629,2015738,514493,1282,745722,884,16051,0,200771,0,0,218432480,78781110,657360201,53802,5261377,78724758,66289,565,65724,950775661,9246074,941529587,0,933538036,78617215,0.8555925233288824,0.0814579311530975,0.9185420688469025,0.05425455337022369,6.43148856802907e-05,1608135862,938799413,0.0,0.0,1.7129706726819183,1.0184648341420124,0.936,0.203,1.498,0.874,0.885,0.869
q99,12063,39116,16265454,263024,14324429,537074,1677383,390240,618,509512,0,0,0,4033,0,0,0,0,0,0,0,0,0,0,0,0,0,0,0,0,0,0.880665796355884,0.03749357129697805,0.9625064287030219,0.03556944573497484,0.0,0,0,,,,,0.652,0.0,0.0,0.0,0.0,0.0
